"context_name","dominio","issn","record_count_2023","record_count_2022","record_count_2021","record_count_2020","total_historico"
"Boletín Jurídico del Observatorio de Libertad Religiosa de América Latina y El Caribe","revistadelaconstruccion.uc.cl","2452-5561",2681,983,0,15,4475
"Apuntes de Teatro","revistaapuntes.uc.cl","0716-4440;2810-6830",1018,22,19,16,1452
"Sustainability, Agri, Food and Environmental Research-DESCONTINUADA","safer.uct.cl","0719-3726",702,0,0,0,719
"Comunicaciones: una revista de geología andina","revistasdex.uchile.cl","Sin ISSN",347,4,0,0,351
"Boletín de la Universidad de Chile","revistasdex.uchile.cl","Sin ISSN",160,242,0,0,2091
"Diversity Research: Journal of Analysis and Trends","academiaone.org","2810-6393",153,0,0,0,240
"English Studies in Latin America: A Journal of Cultural and Literary Criticism","esla.letras.uc.cl","0719-9139",119,11,10,15,231
"Estudios Pedagógicos","revistas.uach.cl","0716-050X;0718-0705",113,84,65,69,1172
"MGC / Revista de Gestión Cultural","revistasdex.uchile.cl","Sin ISSN",112,0,0,0,442
"Chilean Journal of Agricultural & Animal Sciences","revistas.udec.cl","0719-3890",105,35,32,32,385
"Revista Perspectivas Educacionales (REPED)","revistas.umce.cl","0718-5030;2810-6962",103,60,0,0,163
"Proyecciones. Revista de Matemática","www.revistaproyecciones.cl","0717-6279",91,85,83,100,1251
"Open Academia: Journal of Scholarly Research","academiaone.org","2810-6377",88,0,0,0,163
"Horizonte de Enfermería","horizonteenfermeria.uc.cl","0719-6946",83,9,28,73,603
"Anales de Literatura Chilena","analesliteraturachilena.letras.uc.cl","0717-6058",82,259,79,20,956
"Estudios Públicos","www.estudiospublicos.cl","0716-1115;0718-3089",75,44,49,27,2145
"Onomázein","analesliteraturachilena.letras.uc.cl","0718-5758",74,81,54,78,1081
"CUADERNOS DE ARTE","cuadernosdearte.uc.cl","0717-2672",74,0,0,0,74
"Anales de la Universidad de Chile","anales.uchile.cl","0365-7779;0717-8883",73,26,30,28,7784
"Cuadernos Médico Sociales","cuadernosms.cl","0716-1336;2735-7759",72,99,39,59,2039
"Revista AIDIS de ingeniería y ciencias ambientales: Investigación, desarrollo y práctica","www.revistas.unam.mx","0718-378X",69,104,101,81,897
"Revista Peruana de Derecho Internacional","spdiojs.org","0035-0370;2663-0222",69,48,55,53,369
"BOSQUE","revistas.uach.cl","0304-8799;0717-9200",68,18,33,36,1259
"Revista Chilena de Educación Científica","revistas.umce.cl","0717-9618;2810-6040",68,9,0,0,115
"Revista Chilena de Literatura","revistaliteratura.uchile.cl","0048-7651;0718-2295",67,73,86,58,1871
"REXE- Revista de Estudios y Experiencias en Educación","revistas.ucsc.cl","0718-5162",66,78,53,6,686
"Literatura y Lingüística","ediciones.ucsh.cl","0716-5811;0717-621X",63,45,24,43,588
"Boletín de Filología","boletinfilologia.uchile.cl","0067-9674;0718-9303",62,18,38,50,1184
"Revista de otorrinolaringología y cirugía de cabeza y cuello","revistaotorrino-sochiorl.cl","0718-4816",56,175,0,0,994
"Revista Chilena de Reumatología","revistareumatologia.cl","2810-6032",56,12,0,0,88
"Progress Annals: Journal of Progressive Research","academiaone.org","2810-6466",53,0,0,0,174
"Boletín Latinoamericano y del Caribe de Plantas Medicinales y Aromáticas","blacpma.ms-editions.cl","0717-7917",52,55,64,52,439
"Cuadernos.info","cuadernos.info","0719-367X",52,37,74,73,822
"Maderas-Cienc Tecnol","revistas.ubiobio.cl","0717-3644;0718-221X",51,48,75,59,875
"Autoctonía. Revista de Ciencias Sociales e Historia","www.autoctonia.cl","0719-8213",51,43,33,23,275
"Revista Confluencia","revistas.udd.cl","2735-6027",51,53,52,84,266
"Historia","revistahistoria.uc.cl","0717-7194",51,46,20,26,911
"Revista de Historia","revistas.udec.cl","0716-9108;0717-8832",49,49,135,29,524
"Revista Temas Sociológicos","ediciones.ucsh.cl","0719-644X;0719-6458",49,36,20,44,362
"Revista Inclusiones","revistainclusiones.org","0719-4706",47,125,636,849,2671
"Revista de Filosofía UCSC","revistas.ucsc.cl","0717-7801;2735-6353",47,17,11,8,123
"RAN - Revista Academia & Negocios","revistas.udec.cl","0719-6245;0719-7713",46,21,8,62,171
"Open Herald: Periodical of Methodical Research","academiaone.org","2810-6385",46,0,0,0,149
"Observatorio Económico","www.observatorioeconomico.cl","0719-9597",42,47,36,44,554
"Revista de la Construcción. Journal of Construction","revistadelaconstruccion.uc.cl","0718-915X",42,52,43,56,459
"Revista Chilena de Salud Pública","revistasaludpublica.uchile.cl","0717-3652;0719-5281",41,28,35,37,699
"Intus - Legere Historia","intushistoria.uai.cl","0718-5456;0719-8949",41,37,23,37,396
"Psykhe","ojs.uc.cl","0718-2228",41,33,44,16,872
"REVISTA CUHSO","cuhso.uct.cl","2452-610X",40,214,89,0,910
"Wire Insights: Journal of Innovation Insights","academiaone.org","2810-6458",40,0,0,0,69
"Acta Bioethica","actabioethica.uchile.cl","0717-5906;1726-569X",39,40,39,35,859
"Historia 396","historia396.cl","Sin ISSN",39,38,30,29,315
"Cuadernos de Historia","cuadernosdehistoria.uchile.cl","0716-1832;0719-1243",39,40,44,37,713
"Neumología Pediátrica","www.neumologia-pediatrica.cl","0718-333X",39,41,172,48,372
"Universum (Talca. En línea)","universum.utalca.cl","0716-498X;0718-2376",39,39,67,25,193
"Revista nuestrAmérica","nuestramerica.cl","0719-3092",39,54,77,21,327
"Atenea","revistas.udec.cl","0716-1840;0718-0462",38,18,48,45,6272
"Ciencia y Enfermería","revistas.udec.cl","0717-9553",38,40,50,25,751
"Lenguas Modernas","lenguasmodernas.uchile.cl","0716-0542;0719-5443",38,8,28,18,664
"Revista Chilena de Enfermedades Respiratorias","revchilenfermrespir.cl","0716-2065;0717-7348",38,35,42,48,791
"Sur y Tiempo: Revista de Historia de América","revistas.uv.cl","2452-574X",38,6,16,20,104
"Taller de Letras","tallerdeletras.letras.uc.cl","2735-6825",38,35,32,65,432
"Journal of Technology Management & Innovation","www.jotmi.org","0718-2724",37,36,45,28,960
"Revista Avante de Ciencias Sociales y Humanidades","revista-avante.com","0719-9740",37,30,6,6,80
"Espacio Regional. Revista de Estudios Sociales","revistas.ulagos.cl","0718-1604;2735-6175",37,0,144,24,237
"Revista Chilena de Derecho","revistachilenadederecho.uc.cl","0716-0747",37,37,65,95,2032
"Revista Musical Chilena","revistamusicalchilena.uchile.cl","0716-2790;0717-6252",36,39,44,40,4541
"Chungara Revista de Antropología Chilena","www.chungara.cl","0717-7356",36,42,58,7,162
"Meridional. Revista Chilena de Estudios Latinoamericanos","revistas.uchile.cl","0719-3734;0719-4862",35,25,36,31,323
"Revista INVI","revistainvi.uchile.cl","0718-1299;0718-8358",35,35,39,24,789
"Teatro","revistateatro.uchile.cl","0719-6482;0719-6490",35,32,0,0,127
"Teología y Vida","teologiayvida.uc.cl","0049-3449;0717-6295",35,32,28,46,465
"Revista Ingeniería de Construcción","revistaingenieriaconstruccion.uc.cl","0718-5073",35,34,29,47,675
"ARS MEDICA Revista de Ciencias Médicas","www.arsmedica.cl","0718-1051;0719-1855",34,55,53,46,1574
"Revista de Derecho (Valdivia)","revistaderechovaldivia.cl","0716-9132;0718-0950",34,39,38,39,954
"Journal of Latin American Studies on Disaster Risk Reduction REDER","www.revistareder.com","0719-8477",33,22,22,20,167
"Revista de Humanidades de Valparaíso","revistas.uv.cl","0719-4234;0719-4242",33,51,29,4,264
"Revista de Derecho Administrativo","redae.uc.cl","0717-4888;0719-5591",33,27,31,154,584
"Revista Chilena de Derecho y Tecnología","rchdt.uchile.cl","0719-2576;0719-2584",32,15,27,21,215
"Estudios Avanzados","www.revistas.usach.cl","0718-5014",32,9,18,12,336
"Boletín de la Sociedad Chilena de Arqueología","boletin.scha.cl","0716-5730;2735-7651",32,42,59,7,731
"Revista Hospital Clínico Universidad de Chile","revistahospitalclinico.uchile.cl","0716-7849;2735-7996",32,25,30,25,511
"Polis (Santiago)","revistas.ulagos.cl","0717-6554;0718-6568",32,33,37,43,1248
"Biologia Pesquera","revistas.ucsc.cl","0067-8767",32,0,0,0,157
"Revueltas. Revista chilena de Historia Social Popular","revistarevueltas.cl","2452-5707",31,20,19,15,100
"Revista de Historia Social y de las Mentalidades","www.revistas.usach.cl","0719-4749",31,22,21,15,481
"Revista de Filosofía","revistafilosofia.uchile.cl","0034-8236;0718-4360",31,17,28,25,1155
"Revista de humanidades (Santiago. En línea)","revistahumanidades.unab.cl","0717-0491;2452-445X",31,46,13,32,511
"Revista de Ciencias Sociales","revistas.uv.cl","0716-7725;0719-8442",30,9,19,22,210
"CUBO, A Mathematical Journal","cubo.ufro.cl","0716-7776;0719-0646",30,30,30,30,799
"Comunicación y Medios","comunicacionymedios.uchile.cl","0716-3991;0719-1529",29,30,41,32,756
"Revista Punto Género","revistapuntogenero.uchile.cl","0719-0417;2735-7473",29,23,32,14,225
"Revista Pedagogía Universitaria y Didáctica del Derecho","pedagogiaderecho.uchile.cl","0719-5885",29,29,32,28,234
"Revista Bits de Ciencia","revistasdex.uchile.cl","Sin ISSN",29,0,280,0,309
"Palabra y Razón","revistapyr.ucm.cl","0719-2223;2452-4646",29,18,8,14,166
"Revista Jurídica Digital UANDES","rjd.uandes.cl","0719-7942",28,18,24,15,152
"Revista de Estudiantes de Terapia Ocupacional","www.reto.ubo.cl","0719-8264",28,6,24,14,127
"Revista de Estudios Tributarios","revistaestudiostributarios.uchile.cl","0718-9478;0719-7527",28,19,27,10,338
"Ergonomía, Investigación y Desarrollo","revistas.udec.cl","2452-4859",27,33,35,33,177
"Estudios Filológicos","revistas.uach.cl","0071-1713;0717-6171",27,27,32,40,660
"Revista Austral de Ciencias Sociales","revistas.uach.cl","0717-3202;0718-1795",27,33,26,31,554
"Estado, Gobierno y Gestión Pública","revistaeggp.uchile.cl","0717-6759;0717-8980",26,6,21,12,212
"Austral Journal of Veterinary Sciences","www.ajvs.cl","0719-8000;0719-8132",26,21,126,3,195
"Revista Perspectivas: Notas sobre intervención y acción social","ediciones.ucsh.cl","0717-1714",26,16,36,19,385
"HYBRIS, Revista de Filosofí­a","coloquio2019.cenaltes.cl","0718-8382",26,29,35,39,329
"Revista de Arquitectura","dearquitectura.uchile.cl","0716-8772;0719-5427",25,28,28,10,598
"Revista de Derecho Universidad de Concepción","revistas.udec.cl","0303-9986;0718-591X",25,23,31,24,179
"LÍMITE Revista Interdisciplinaria de Filosofía y Psicología","revistalimite.uta.cl","0718-1361;0718-5065",25,18,18,25,222
"Perfiles Económicos","revistas.uv.cl","0719-7586",25,5,26,11,126
"Pensamiento Educativo","pensamientoeducativo.uc.cl","0719-0409",25,24,24,30,746
"Limes: Revista de Estudios Clásicos","revistas.umce.cl","0716-5919",25,0,0,0,25
"Aporía · Revista Internacional de Investigaciones Filosóficas","revistadelaconstruccion.uc.cl","0718-9788;0719-9589",25,9,24,15,129
"Revista Actos","revistas.academia.cl","2452-4727",24,23,18,19,106
"Revista Chilena de Terapia Ocupacional","revistaterapiaocupacional.uchile.cl","0717-6767;0719-5346",24,30,32,34,471
"Revista de Sociología","revistadesociologia.uchile.cl","0716-632X;0719-529X",24,16,16,14,432
"Gayana","gayana.cl","0717-652X;0717-6538",24,12,14,20,135
"Revista de Estudios Históricos","revistasdex.uchile.cl","Sin ISSN",24,0,0,0,24
"Revista Reflexión e Investigación Educacional","revistas.ubiobio.cl","2452-4638",23,11,10,22,124
"Anuario de Derechos Humanos","anuariocdh.uchile.cl","0718-2058;0718-2279",23,28,34,46,445
"Propuestas Críticas en Trabajo Social-Critical Proposals in Social Work","revistapropuestascriticas.uchile.cl","2735-6620",23,27,28,0,90
"Revista Ciencias de la Actividad Física UCM","revistacaf.ucm.cl","0717-408X;0719-4013",23,32,21,16,313
"Revista de Biología Marina y Oceanografía","revistas.uv.cl","0717-3326;0718-1957",23,53,38,32,276
"Resonancias. Revista de Filosofía","resonancias.uchile.cl","0719-790X",22,10,23,26,136
"Última Década","ultimadecada.uchile.cl","0717-4691;0718-2236",22,23,27,399,557
"Revista Política y Estrategia","www.politicayestrategia.cl","0716-7415;0719-8027",22,17,14,7,236
"Márgenes. Espacio Arte y Sociedad","rhv.uv.cl","0718-4034;0719-4463",22,34,24,0,190
"Revista stultifera","revistas.uach.cl","0719-983X",22,24,19,20,137
"Editorial UdeC","libros.udec.cl","Sin ISSN",22,0,0,0,39
"Revista de Derecho Aplicado LLM UC","ojs.uc.cl","2452-4344",22,7,13,15,94
"Revista de Geografía Norte Grande","revistanortegrande.uc.cl","0379-8682;0718-3402",22,70,533,96,1098
"Revista Planeo","revistadelaconstruccion.uc.cl","0719-2932",22,0,5,0,39
"Revista Latinoamericana de Derecho y Religión","revistalatderechoyreligion.uc.cl","0719-7160",22,31,14,20,196
"Revista Gestión de las Personas y Tecnología","www.revistas.usach.cl","0718-5693",21,21,21,21,358
"Cuadernos Judaicos","cuadernosjudaicos.uchile.cl","0717-4357;0718-8749",21,12,17,29,340
"International Journal of Medical and Surgical Sciences","revistas.uautonoma.cl","0719-3904;0719-532X",21,27,48,44,396
"Revista Enfoques Educacionales","enfoqueseducacionales.uchile.cl","0717-3229;2735-7279",21,15,25,21,310
"MAD","revistamad.uchile.cl","0718-0527",21,5,11,17,358
"Amoxtli","revistas.uft.cl","0719-997X",21,6,7,13,76
"Diseña","www.revistadisena.uc.cl","0718-8447;2452-4298",21,19,18,19,176
"Revista Ethika+","revistaethika.uchile.cl","2452-6037",20,35,32,25,120
"Hábitat Sustentable","revistas.ubiobio.cl","0719-0700",20,20,17,20,219
"Revista Liminales. Escritos sobre Psicología y Sociedad","revistafacso.ucentral.cl","0718-4166;0719-7748",20,19,19,13,203
"Rumbos TS. Un espacio crítico para la reflexión en Ciencias Sociales","revistafacso.ucentral.cl","0718-4182;0719-7721",20,24,29,31,337
"Revista de derecho (Coquimbo)","revistaderecho.ucn.cl","0718-9753",20,24,22,24,743
"Revista Chilena de Fonoaudiología","revfono.uchile.cl","0717-4659;0719-4692",20,29,14,15,231
"Historia Agraria de América Latina","haal.cl","2452-5162",20,81,0,0,114
"Arboles y Rizomas","www.revistas.usach.cl","0719-9805",20,21,19,20,111
"Acta Literaria","revistas.udec.cl","0716-0909;0717-6848",20,20,17,40,451
"Revista de Urbanismo","revistaurbanismo.uchile.cl","0717-5051",20,22,23,21,466
"Revista Geográfica de Chile Terra Australis","www.revistaterraaustralis.cl","0378-8482;0719-9562",20,11,21,11,90
"Revista Historia y Patrimonio","rhp.uchile.cl","2810-6245",20,11,0,0,42
"Revista Científica Cuadernos de Investigación","cuadernosdeinvestigacion.unach.cl","2810-6210",20,0,0,0,35
"Ediciones Universidad Autónoma de Chile","ediciones.uautonoma.cl","Sin ISSN",20,22,35,69,228
"Urbano","revistas.ubiobio.cl","0717-3997;0718-3607",19,21,22,23,637
"Castalia - Revista de Psicología de la Academia","revistas.academia.cl","0719-8051",19,17,19,19,150
"Revista Chilena de Enfermería","revistachilenaenfermeria.uchile.cl","2452-5839",19,14,15,6,73
"Byzantion Nea Hellás","byzantion.uchile.cl","0716-2138;0718-8471",19,22,19,27,668
"Obras y Proyectos","revistas.ucsc.cl","0718-2805;0718-2813",19,30,8,16,109
"Revista de Derecho de la Universidad Católica de la Santísima Concepción","revistas.ucsc.cl","0717-0599;2735-6337",19,18,19,6,108
"ANALES DE ARQUITECTURA UC","analesdearquitectura.uc.cl","2810-6075;2810-6490",19,20,23,23,136
"Antropologías del Sur","revistas.academia.cl","0719-4498;0719-5532",18,22,22,27,246
"Derecho Público Iberoamericano","revistas.udd.cl","0719-2959;0719-5354",18,20,22,99,270
"RChD: creación y pensamiento","rchd.uchile.cl","0719-837X;0719-8426",18,18,18,17,214
"Palimpsesto","www.revistas.usach.cl","0718-5898",18,18,23,20,181
"Terapia Psicológica","teps.cl","0716-6184;0718-4808",18,25,17,25,363
"URBE. Arquitectura, Ciudad y Territorio","revistas.udec.cl","2735-606X;2735-6078",18,19,17,13,67
"Revista Estudios de Políticas Públicas","revistaestudiospoliticaspublicas.uchile.cl","0719-6296",18,26,17,17,224
"Cuadernos Chilenos de Historia de la Educación","historiadelaeducacion.cl","0719-3483;2810-627X",18,1,20,9,200
"Revista de Educación Religiosa","revistas.uft.cl","2452-5936",17,17,24,23,112
"Investigaciones Geográficas: Una mirada desde el sur","investigacionesgeograficas.uchile.cl","0718-9575;0719-5370",17,16,17,19,360
"Estudios Internacionales","revistaei.uchile.cl","0716-0240;0719-3769",17,16,27,14,1608
"Revista Estudios en Educación","ojs.umc.cl","2452-4980",17,21,22,35,142
"Política. Revista de Ciencia Política","revistapolitica.uchile.cl","0716-1077;0719-5338",17,18,20,19,763
"Revista de Derecho Económico","revistaderechoeconomico.uchile.cl","0716-310X;0719-7462",17,12,14,0,427
"A.Dnz","adnz.uchile.cl","0719-4676",17,0,16,0,145
"Transformar","revistatransformar.cl","2735-6302",17,14,17,4,68
"Agro sur","revistas.uach.cl","0304-8802;0719-4196",17,12,13,15,586
"Revista Electrónica Diálogos Educativos. REDE","revistas.umce.cl","0718-1310",17,3,0,0,299
"Revista Realidad Educativa","revistas.uft.cl","2452-6134",16,13,7,0,51
"Praxispsi","praxispsi.udp.cl","2735-6957",16,16,9,16,161
"Journal of Movement & Health","jmh.ucv.cl","2452-5812",16,16,8,15,157
"Tiempo Histórico","revistas.academia.cl","0718-7432;0719-5699",16,28,17,17,280
"Revista Chilena de Antropología","revistas.uchile.cl","0716-3312;0719-1472",16,8,19,18,457
"Revista Justicia & Derecho","revistas.uautonoma.cl","0719-9392",16,15,27,24,126
"Revista de Psicología","revistapsicologia.uchile.cl","0716-8039;0719-0581",16,19,25,15,598
"TS Cuadernos de Trabajo Social","www.tscuadernosdetrabajosocial.cl","0719-6520",16,12,16,12,183
"Revista de Teoría del Arte","revistateoriadelarte.uchile.cl","0719-7276",16,6,9,0,406
"Revista de Estudios de la Justicia","rej.uchile.cl","0718-0853;0718-4735",16,13,12,12,313
"Revista Saberes Educativos","sabereseducativos.uchile.cl","2452-5014",16,14,25,11,129
"Cultura y Religión","revistaculturayreligion.cl","0718-4727;0718-5472",16,26,23,26,391
"Persona y Sociedad","personaysociedad.uahurtado.cl","0716-730X;0719-0883",16,10,12,17,310
"Encrucijada Americana","encrucijadaamericana.uahurtado.cl","0718-5766;0719-3432",16,16,17,10,216
"Rompefilas","rompefilas.cl","0716-7598",16,6,15,0,37
"Revista Educación Las Américas","revistas.udla.cl","0719-7128",16,7,10,23,122
"Cinta de Moebio. Revista de Epistemología de Ciencias Sociales","cintademoebio.uchile.cl","0717-554X",16,15,17,31,572
"Gobierno y Administración Pública","revistas.udec.cl","2735-7074",16,18,7,0,59
"Revista Chilena de Rehabilitación y Actividad Física","revistas.uautonoma.cl","2735-7287",16,14,4,0,41
"Revista de Innovación en Enseñanza de las Ciencias","reinnec.cl","0719-9007",16,0,16,23,125
"Foro Educacional","ediciones.ucsh.cl","0717-2710;0718-0772",16,16,13,17,219
"Hermenéutica Intercultural","ediciones.ucsh.cl","0718-4980;0719-6504",16,17,17,26,239
"Revista Sul-Americana de Psicologia","ediciones.ucsh.cl","2318-650X",16,13,24,9,200
"Latin American Legal Studies","lals.uai.cl","0719-9104;0719-9112",16,14,27,8,102
"Revista INTEREDU","revistas.ulagos.cl","2735-6523",16,19,32,49,129
"Revista de Trabajo Social","revistatrabajosocial.uc.cl","2735-7228",16,19,13,132,503
"ARQUITECTURAS DEL SUR","revistas.ubiobio.cl","0716-2677;0719-6466",15,17,15,19,560
"Revista de la Academia","revistas.academia.cl","0719-6318",15,14,22,16,160
"Estudios Constitucionales","www.estudiosconstitucionales.cl","0718-0195;0718-5200",15,46,26,17,501
"Gayana Botanica","gayanabotanica.cl","0016-5301;0717-6643",15,16,22,16,183
"Pléyade","revistapleyade.cl","0718-655X;0719-3696",15,11,48,24,363
"AUS [Arquitectura / Urbanismo / Sustentabilidad]","revistas.uach.cl","0718-204X;0718-7262",15,28,29,26,429
"Littera Scripta","litterascripta.unab.cl","2735-6140",15,15,15,5,58
"Revista de Derecho Ambiental","revistas.uchile.cl","0718-0101;0719-4633",14,21,18,18,207
"Mutatis Mutandis: Revista Internacional de Filosofía","revistamutatismutandis.com","0719-4773",14,31,22,36,263
"Revista Electrónica de Investigación en Docencia Universitaria","reidu.cl","2452-4875",14,5,15,16,68
"Revista Sophia Austral","www.sophiaaustral.cl","0719-5605",14,16,21,33,196
"Revista Central de Sociología","www.centraldesociologia.cl","0718-4379;2735-7058",14,27,0,18,137
"Revista Notas Históricas y Geográficas","revistanotashistoricasygeograficas.cl","0719-4404",14,38,338,1,420
"Si Somos Americanos","sisomosamericanos.cl","0718-2910;0719-0948",14,18,17,20,384
"Revista Educación Física Chile","revistas.umce.cl","0716-0518;0719-1723",14,57,6,0,87
"Materia Arquitectura","materiaarquitectura.com","0718-7033;2735-7503",14,22,83,19,489
"Revista Protesta y Carisma","revistaprotestaycarisma.cl","2452-5308",14,22,25,0,61
"Convergencia Educativa","revistaucmaule.ucm.cl","0719-3351",14,12,11,11,104
"Revista ProPulsión Interdisciplina en Ciencias Sociales y Humanidades","ojs.revpropulsion.cl","2452-5758",14,19,16,8,70
"Revista Matronería Actual","revistas.uv.cl","2452-5820",14,33,11,7,76
"Revista de Historia y Geografía","ediciones.ucsh.cl","0719-4137;0719-4145",14,14,18,20,207
"Inmanere","revistas.ucsc.cl","2735-7961;2735-797X",14,6,0,0,26
"Revista de Ciencias Sociales","revistacienciasociales.cl","0717-2257;0718-3631",14,14,12,15,157
"Dorsal. Revista de Estudios Foucaultianos","coloquio2019.cenaltes.cl","0719-7519",14,27,23,32,190
"Revista de Pensamiento Crítico Aymara","www.pensamientocriticoaymara.com","2707-692X;2707-6938",14,22,15,13,75
"Latin American Journal of Trade Policy","lajtp.uchile.cl","0719-9368",13,14,13,25,89
"Tiempo y Espacio","revistas.ubiobio.cl","0716-9671;0719-0867",13,8,19,8,371
"Revista Chilena de Derecho del Trabajo y de la Seguridad Social","revistatrabajo.uchile.cl","0719-0093;0719-7551",13,15,15,18,350
"Ciencia & Investigación Forestal","revista.infor.cl","0718-4530;0718-4646",13,17,39,18,590
"UCMaule","revistaucmaule.ucm.cl","0717-2656;0719-9872",13,14,14,14,121
"Cuadernos de Beauchef","revistasdex.uchile.cl","2452-493X",13,36,60,0,128
"Filosofía Juridica","anuario.filosofiajuridica.cl","Sin ISSN",13,6,34,0,60
"Acta Entomológica Chilena","revistas.umce.cl","0716-5072",13,236,0,0,249
"En las Fronteras del Derecho","fdd.ufro.cl","2735-7236",13,15,0,0,36
"Veritas","revistatrabajosocial.uc.cl","0717-4675;0718-9273",13,6,34,11,474
"Revista F@ro","revistas.upla.cl","0718-2023;0718-4018",13,182,17,7,396
"Textos Híbridos","textoshibridos.uai.cl","2157-0159",13,17,27,13,148
"Anales del Instituto de la Patagonia -- ISSN 0718-686X","www.analesdelinstitutodelapatagonia.cl","0718-686X",12,18,39,20,458
"Revista de Derecho Público","revistaderechopublico.uchile.cl","0716-0267;0719-5249",12,17,12,14,1360
"European Journal of Education and Psychology","revistas.uautonoma.cl","1888-8992;1989-2209",12,19,14,8,227
"Átemus","revistaatemus.uchile.cl","0719-885X",12,14,18,19,142
"Cuadernos de Teoría Social","cuadernosdeteoriasocial.udp.cl","0719-6415;0719-6423",12,17,5,18,126
"Estudios de Economía","estudiosdeeconomia.uchile.cl","0304-2758;0718-5286",12,9,8,10,616
"Inferencias: Boletín de Bioestadística","revistasdex.uchile.cl","Sin ISSN",12,20,10,0,57
"Benessere. Revista de Enfermería","revistas.uv.cl","0719-7764",12,9,13,9,72
"Archivos de la Sociedad Chilena de Medicina del Deporte","revistasochmedep.cl","0719-7322",12,5,7,5,69
"Revista de Derecho y Ciencias Sociales","rduss.cl","0718-302X",12,20,0,0,59
"Nueva Revista del Pacífico","revistas.upla.cl","0719-5176",12,23,39,32,208
"Horizontes Empresariales","revistas.ubiobio.cl","0717-9901;0719-0875",11,17,5,11,218
"Revista Tribuna Internacional","tribunainternacional.uchile.cl","0719-210X;0719-482X",11,6,13,19,205
"Contextos: Estudios de Humanidades y Ciencias Sociales","revistas.umce.cl","0717-7828;0719-1014",11,25,20,42,804
"Estudios de Transporte","estudiosdetransporte.org","2735-6299",11,6,11,0,143
"Revista de Gestión Pública","revistas.uv.cl","0719-1820;0719-1839",11,10,14,100,140
"Revista de Orientación Educacional","www.roeupla.cl","0716-5714;0719-5117",11,13,10,6,118
"Nutrición y Vida","revistasdex.uchile.cl","Sin ISSN",11,0,0,0,11
"Revista Enfoques: Ciencia Política y Administración Pública","www.revistaenfoques.cl","0718-9656",11,8,8,13,345
"Revista Chilena de Estudios Medievales","revistas.ugm.cl","0719-2215;0719-689X",10,23,23,32,223
"Summa Psicológica","summapsicologica.cl","0718-0446;0719-448X",10,11,14,14,329
"Economía y Política","www.economiaypolitica.cl","0719-4714;0719-4803",10,9,7,8,85
"Cuadernos de Filosofía","revistas.udec.cl","0716-9884",10,30,24,38,135
"Applied Sciences in Dentistry","revistas.uv.cl","0719-5761",10,11,43,38,106
"Trenzar. Revista de Educación Popular, Pedagogía Crítica e Investigación Militante (ISSN 2452-4301)","revistatrenzar.cl","2452-4301",10,0,0,0,51
"Revista Estudiantil de Ensayos Monográficos","revistasdex.uchile.cl","Sin ISSN",10,8,0,0,18
"Revista de Investigación Aplicada en Ciencias Empresariales","iace.uv.cl","0719-3084;0719-9910",10,5,8,24,90
"European Journal of Health Research","revistas.uautonoma.cl","2444-9067;2445-0308",10,6,22,20,129
"European Journal of Child Development, Education and Psychopathology","revistas.uautonoma.cl","2340-924X",10,0,11,15,113
"RLA. Revista de Lingüística Teórica y Aplicada","revistas.udec.cl","0033-698X;0718-4883",9,17,17,34,109
"Revista Iberoamericana de Estudios Municipales","revistas.uautonoma.cl","0719-1790",9,12,12,12,180
"Boletín Museo Nacional de Historia Natural","boletinmnhn.cl","0027-3910;0719-935X",9,8,9,15,932
"Boletín Micológico","revistas.uv.cl","0719-3114",9,11,16,10,571
"Revista summa de arithmetica","www.revista-sda.cl","0719-1146;2735-7317",9,10,0,0,51
"Boletín Científico Tecnológico","boletincientifico.cl","0718-1191;2452-607X",9,7,5,7,44
"Grecorromana. Revista Chilena de Estudios Clásicos","grecorromana.unab.cl","0719-9902",9,10,10,4,44
"Revista Relatos","relatos.unab.cl","2810-6253;2810-6369",9,10,0,0,20
"STEINIANA: Revista de Estudios Interdisciplinarios","revistasteiniana.uc.cl","0719-8728",9,14,1,8,74
"Base Diseño e Innovación","revistas.udd.cl","0719-515X;2452-5928",8,20,9,0,232
"Revista Chilena de Educación Matemática","www.sochiem.cl","2452-5448",8,9,20,10,51
"Neuma (Talca)","neuma.utalca.cl","0718-7017;0719-5389",8,12,27,1,239
"Mirador Mundial","www.politicayestrategia.cl","2452-4247;2452-4255",8,16,23,0,48
"Vincularte","revistavincularte.cl","2810-6636",8,6,7,10,77
"Revista de Educación Estadística","revistaucmaule.ucm.cl","2810-6164",8,9,0,0,27
"EMERGENCIAS: Cuaderno del Magíster en Comunicación Política","revistasdex.uchile.cl","Sin ISSN",8,0,0,0,8
"Scientia","revistas.usm.cl","0716-8446",8,6,0,0,45
"Revista Akadèmeia","revistas.ugm.cl","0717-9936;0718-9397",7,17,28,7,102
"Polyphōnía. Revista de Educación Inclusiva / Polyphōnía. Journal of Inclusive Education","revista.celei.cl","0719-7438",7,19,23,14,131
"Contexto","www.revistacontextoucen.cl","0719-1707;2810-6660",7,11,8,7,53
"REVISTA DE HUMANIDADES Y CIENCIAS SOCIALES Y MULTIDISCIPLINARIA","100cs.cl","0719-5737",7,6,29,0,157
"Revista Observatorio del Deporte","revistaobservatoriodeldeporte.cl","0719-5729",7,20,11,26,254
"Estudios de Administración","estudiosdeadministracion.uchile.cl","0717-0653;0719-0816",7,15,15,12,205
"Journal of Management & Business Studies","revistas.uautonoma.cl","2452-5340",7,12,19,4,66
"Revista de Estudiantes de Medicina del Sur","rems.ufro.cl","0718-1906;0718-9958",7,9,11,6,121
"Cuadernos de Enfermería","revistaucmaule.ucm.cl","2735-7325",7,0,8,0,21
"Panambí. Revista de Investigaciones Artísticas","revistas.uv.cl","0719-630X",7,14,29,8,165
"Revista Odontológica Científica Chilena","rocc.uchile.cl","2735-7600",7,15,0,0,29
"Pragmatika review","pragmatikasolutions.com","2452-5006",7,32,28,24,134
"Revista Latinoamericana de Educación Inclusiva","revistainclusiva.ucentral.cl","0718-5480;0718-7378",7,18,26,13,181
"Remetallica","www.revistas.usach.cl","0716-291X",7,7,8,0,234
"Pro Jure Revista de Derecho - Pontificia Universidad Católica de Valparaíso","www.projurepucv.cl","2810-7659",7,10,22,16,1043
"Boletín de Anestesia","boletinanestesia.uchile.cl","2735-6310",6,5,5,4,20
"Revista Geográfica del Sur","revistas.udec.cl","0718-7653;0718-9249",6,0,12,6,24
"Pensamiento y Acción Interdisciplinaria","revistapai.ucm.cl","0719-8078",6,30,19,8,133
"Revista Infancia, Educación y Aprendizaje","revistas.uv.cl","0719-6202",6,15,6,27,381
"Cuaderno de trabajo","www.politicayestrategia.cl","0719-4110",6,6,59,0,75
"Revista Nodos","revistas.ugm.cl","2810-6008",6,0,0,0,6
"nuestrAmérica preprints","nuestramerica.cl","Sin ISSN",6,0,0,0,6
"Mirada Hemisférica","ojs.uc.cl","Sin ISSN",6,0,0,0,6
"AISTHESIS: Revista Chilena de Investigaciones Estéticas","revistaaisthesis.uc.cl","0568-3939;0718-7181",6,47,53,35,1191
"Publicitas","www.revistas.usach.cl","0719-4005",6,13,13,15,136
