"context_name","dominio","issn","record_count_2023","record_count_2024","record_count_2025","crecimiento_2023_2024","total_historico","activa_2024","region_pkp"
"Revista Chilena de Derecho","revistachilenadederecho.uc.cl","0716-0747",37,1708,25,1671,2066,TRUE,"Latin America & Caribbean"
"Boletín de la Universidad de Chile","revistasdex.uchile.cl","Sin ISSN",160,1689,0,1529,2091,TRUE,"Latin America & Caribbean"
"Boletín Jurídico del Observatorio de Libertad Religiosa de América Latina y El Caribe","revistadelaconstruccion.uc.cl","2452-5561",2681,958,177,-1723,4857,TRUE,"Latin America & Caribbean"
"REVISTA CUHSO","cuhso.uct.cl","2452-610X",40,510,39,470,982,TRUE,"Latin America & Caribbean"
"MGC / Revista de Gestión Cultural","revistasdex.uchile.cl","Sin ISSN",112,330,0,218,442,TRUE,"Latin America & Caribbean"
"Ingeniare. Revista Chilena de Ingeniería","revistalimite.uta.cl","0718-3305",0,321,31,321,352,TRUE,"Latin America & Caribbean"
"Revista de Trabajo Social","revistadelaconstruccion.uc.cl","2735-7228",16,293,0,277,515,TRUE,"Latin America & Caribbean"
"Revista de Historia Social y de las Mentalidades","www.revistas.usach.cl","0719-4749",31,221,142,190,509,TRUE,"Latin America & Caribbean"
"Apuntes de Teatro","revistaapuntes.uc.cl","0716-4440 2810-6830",1018,214,0,-804,1471,TRUE,"Latin America & Caribbean"
"Progress Annals: Journal of Progressive Research","academiaone.org","2810-6466",53,136,20,83,209,TRUE,"Latin America & Caribbean"
"Open Herald: Periodical of Methodical Research","academiaone.org","2810-6385",46,128,29,82,203,TRUE,"Latin America & Caribbean"
"Biologia Pesquera","revistas.ucsc.cl","0067-8767",15,123,0,108,157,TRUE,"Latin America & Caribbean"
"Temas de Educación","revistas.userena.cl","0716-7423 0719-8639",13,117,69,104,298,TRUE,"Latin America & Caribbean"
"Cuadernos Médico Sociales","cuadernosms.cl","0716-1336 2735-7759",72,114,75,42,2317,TRUE,"Latin America & Caribbean"
"Horizonte de Enfermería","horizonteenfermeria.uc.cl","0719-6946",83,101,1,18,648,TRUE,"Latin America & Caribbean"
"Revista Peruana de Derecho Internacional","spdiojs.org","0035-0370 2663-0222",69,100,50,31,561,TRUE,"Latin America & Caribbean"
"Diversity Research: Journal of Analysis and Trends","academiaone.org","2810-6393",153,99,48,-54,300,TRUE,"Latin America & Caribbean"
"Open Academia: Journal of Scholarly Research","academiaone.org","2810-6377",88,89,20,1,197,TRUE,"Latin America & Caribbean"
"AISTHESIS: Revista Chilena de Investigaciones Estéticas","revistaaisthesis.uc.cl","0568-3939 0718-7181",6,85,0,79,1215,TRUE,"Latin America & Caribbean"
"Revista de otorrinolaringología y cirugía de cabeza y cuello","revistaotorrino-sochiorl.cl","0718-4816",56,77,45,21,1051,TRUE,"Latin America & Caribbean"
"Autoctonía. Revista de Ciencias Sociales e Historia","www.autoctonia.cl","0719-8213",51,75,52,24,351,TRUE,"Latin America & Caribbean"
"Anales de Literatura Chilena","analesliteraturachilena.letras.uc.cl","0717-6058",82,74,0,-8,989,TRUE,"Latin America & Caribbean"
"Revista de Derecho Administrativo","redae.uc.cl","0717-4888 0719-5591",33,72,49,39,673,TRUE,"Latin America & Caribbean"
"Estudios Públicos","www.estudiospublicos.cl","0716-1115 0718-3089",75,71,0,-4,2164,TRUE,"Latin America & Caribbean"
"Psykhe","esla.letras.uc.cl","0718-2228",41,68,9,27,895,TRUE,"Latin America & Caribbean"
"Atenea","revistas.udec.cl","0716-1840 0718-0462",38,64,14,26,10040,TRUE,"Latin America & Caribbean"
"Onomázein","onomazein.letras.uc.cl","0718-5758",74,64,0,-10,1105,TRUE,"Latin America & Caribbean"
"Revista de Estudios y Experiencias en Educación","www.rexe.cl","0718-5162",66,63,40,-3,804,TRUE,"Latin America & Caribbean"
"Boletín Latinoamericano y del Caribe de Plantas Medicinales y Aromáticas","blacpma.ms-editions.cl","0717-7917",52,61,13,9,463,TRUE,"Latin America & Caribbean"
"Chilean Journal of Agricultural & Animal Sciences","revistas.udec.cl","0719-3890",105,57,34,-48,437,TRUE,"Latin America & Caribbean"
"Revista Chilena de Educación Científica","revistas.umce.cl","0717-9618 2810-6040",68,57,41,-11,175,TRUE,"Latin America & Caribbean"
"Revista de Geografía Norte Grande","revistanortegrande.uc.cl","0379-8682 0718-3402",22,57,0,35,1110,TRUE,"Latin America & Caribbean"
"Revista AIDIS de ingeniería y ciencias ambientales: Investigación, desarrollo y práctica","www.revistas.unam.mx","0718-378X",69,55,22,-14,938,TRUE,"Latin America & Caribbean"
"Revista Latinoamericana de Educación Inclusiva","revistainclusiva.ucentral.cl","0718-5480 0718-7378",7,53,11,46,424,TRUE,"Latin America & Caribbean"
"Revista Ingeniería de Construcción","ojs.uc.cl","0718-5073",35,53,18,18,718,TRUE,"Latin America & Caribbean"
"Cuadernos.info","cuadernos.info","0719-367X",52,52,0,0,822,TRUE,"Latin America & Caribbean"
"Historia","revistahistoria.uc.cl","0717-7194",51,50,1,-1,925,TRUE,"Latin America & Caribbean"
"Revista Notas Históricas y Geográficas","revistanotashistoricasygeograficas.cl","0719-4404",14,49,31,35,471,TRUE,"Latin America & Caribbean"
"Revista Confluencia","revistas.udd.cl","2735-6027",51,49,44,-2,333,TRUE,"Latin America & Caribbean"
"Revista nuestrAmérica","nuestramerica.cl","0719-3092",78,49,16,-29,520,TRUE,"Latin America & Caribbean"
"Revista de Historia","revistas.udec.cl","0716-9108 0717-8832",49,48,23,-1,561,TRUE,"Latin America & Caribbean"
"Revista Chilena de Enfermedades Respiratorias","revchilenfermrespir.cl","0716-2065 0717-7348",38,47,18,9,826,TRUE,"Latin America & Caribbean"
"Estudios Pedagógicos","revistas.uach.cl","0716-050X 0718-0705",113,47,0,-66,1196,TRUE,"Latin America & Caribbean"
"Comunicación y Medios","comunicacionymedios.uchile.cl","0716-3991 0719-1529",28,46,0,18,768,TRUE,"Latin America & Caribbean"
"Historia 396","historia396.cl","0719-0719 0719-7969",39,45,28,6,352,TRUE,"Latin America & Caribbean"
"Revista de Ciencia Política","revistacienciapolitica.uc.cl","0718-090X",1,45,0,44,1202,TRUE,"Latin America & Caribbean"
"Revista Musical Chilena","revistamusicalchilena.uchile.cl","0716-2790 0717-6252",36,43,0,7,4566,TRUE,"Latin America & Caribbean"
"Atacama Journal of Health Sciences","salud.uda.cl","2735-7635",4,42,1,38,121,TRUE,"Latin America & Caribbean"
"Journal of Oral Research","joralres.com","0719-2460 0719-2479",34,41,14,7,876,TRUE,"Latin America & Caribbean"
"Trenzar. Revista de Educación Popular, Pedagogía Crítica e Investigación Militante (ISSN 2452-4301)","revistatrenzar.cl","2452-4301",10,41,21,31,72,TRUE,"Latin America & Caribbean"
"ARS MEDICA Revista de Ciencias Médicas","www.arsmedica.cl","0718-1051 0719-1855",34,40,30,6,1612,TRUE,"Latin America & Caribbean"
"Maderas-Cienc Tecnol","revistas.ubiobio.cl","0717-3644 0718-221X",50,40,24,-10,907,TRUE,"Latin America & Caribbean"
"Revista de Filosofía UCSC","revistas.ucsc.cl","0717-7801 2735-6353",47,40,13,-7,161,TRUE,"Latin America & Caribbean"
"Revista de Humanidades de Valparaíso","rhv.uv.cl","0719-4234 0719-4242",32,40,1,8,270,TRUE,"Latin America & Caribbean"
"Acta Bioethica","actabioethica.uchile.cl","0717-5906 1726-569X",39,39,23,0,884,TRUE,"Latin America & Caribbean"
"Bosque","revistas.uach.cl","0304-8799 0717-9200",68,39,18,-29,1287,TRUE,"Latin America & Caribbean"
"Estudios Filológicos","revistas.uach.cl","0071-1713 0717-6171",27,39,0,12,682,TRUE,"Latin America & Caribbean"
"Wire Insights: Journal of Innovation Insights","academiaone.org","2810-6458",40,39,6,-1,85,TRUE,"Latin America & Caribbean"
"Revista de la Construcción. Journal of Construction","revistadelaconstruccion.uc.cl","0718-915X",42,39,1,-3,471,TRUE,"Latin America & Caribbean"
"Revista Ius et Praxis","revistas.utalca.cl","0718-0012",0,39,0,39,39,TRUE,"Latin America & Caribbean"
"Revista Inclusiones","revistainclusiones.org","0719-4706",47,38,13,-9,2695,TRUE,"Latin America & Caribbean"
"Cuadernos de Historia","cuadernosdehistoria.uchile.cl","0716-1832 0719-1243",39,38,10,-1,736,TRUE,"Latin America & Caribbean"
"Intus - Legere Historia","intushistoria.uai.cl","0718-5456 0719-8949",41,38,27,-3,424,TRUE,"Latin America & Caribbean"
"Revista de Humanidades (Santiago. En línea)","revistahumanidades.unab.cl","0717-0491 2452-445X",31,38,38,7,553,TRUE,"Latin America & Caribbean"
"Ciencia y Enfermería","revistas.udec.cl","0717-9553",38,37,12,-1,783,TRUE,"Latin America & Caribbean"
"Materia Arquitectura","materiaarquitectura.com","0718-7033 2735-7503",14,37,13,23,512,TRUE,"Latin America & Caribbean"
"Journal of Technology Management & Innovation","www.jotmi.org","0718-2724",37,36,0,-1,978,TRUE,"Latin America & Caribbean"
"Revista Pedagogía Universitaria y Didáctica del Derecho","pedagogiaderecho.uchile.cl","0719-5885",29,36,0,7,251,TRUE,"Latin America & Caribbean"
"Boletín de Filología","boletinfilologia.uchile.cl","0067-9674 0718-9303",62,36,0,-26,1199,TRUE,"Latin America & Caribbean"
"Revista Chilena de Entomología","www.biotaxa.org","0034-740X 0718-8994",95,36,0,-59,542,TRUE,"Latin America & Caribbean"
"Revista Reflexión e Investigación Educacional","revistas.ubiobio.cl","2452-4638",23,35,26,12,154,TRUE,"Latin America & Caribbean"
"Revista Austral de Ciencias Sociales","revistas.uach.cl","0717-3202 0718-1795",27,35,22,8,595,TRUE,"Latin America & Caribbean"
"Journal of Latin American Studies on Disaster Risk Reduction REDER","www.revistareder.com","0719-8477",33,34,32,1,199,TRUE,"Latin America & Caribbean"
"Observatorio Económico","www.observatorioeconomico.cl","0719-9597",42,34,4,-8,564,TRUE,"Latin America & Caribbean"
"Neuma (Talca)","neuma.utalca.cl","0718-7017 0719-5389",8,34,10,26,259,TRUE,"Latin America & Caribbean"
"Márgenes. Espacio Arte y Sociedad","rhv.uv.cl","0718-4034 0719-4463",22,34,31,12,221,TRUE,"Latin America & Caribbean"
"Revista Derecho y Política Antártica","revistasdex.uchile.cl","Sin ISSN",0,34,0,34,34,TRUE,"Latin America & Caribbean"
"Cuadernos de Neuropsicologí­a / Panamerican Journal of Neuropsychology","www.cnps.cl","0718-4123",18,34,11,16,554,TRUE,"Latin America & Caribbean"
"Contexto","www.revistacontextoucen.cl","0719-1707 2810-6660",7,33,14,26,85,TRUE,"Latin America & Caribbean"
"Revista Hospital Clínico Universidad de Chile","revistahospitalclinico.uchile.cl","0716-7849 2735-7996",32,33,8,1,726,TRUE,"Latin America & Caribbean"
"Cuadernos de Beauchef","revistasdex.uchile.cl","2452-493X",13,32,1,19,142,TRUE,"Latin America & Caribbean"
"Revista de Innovación en Enseñanza de las Ciencias","reinnec.cl","0719-9007",16,32,14,16,152,TRUE,"Latin America & Caribbean"
"Revista Chilena de Estudios Medievales","revistas.ugm.cl","0719-2215 0719-689X",10,31,7,21,261,TRUE,"Latin America & Caribbean"
"Polis (Santiago)","revistas.ulagos.cl","0717-6554 0718-6568",33,31,3,-2,1274,TRUE,"Latin America & Caribbean"
"Teología y Vida","teologiayvida.uc.cl","0049-3449 0717-6295",35,31,7,-4,480,TRUE,"Latin America & Caribbean"
"Scientia","revistas.usm.cl","0716-8446",8,31,0,23,45,TRUE,"Latin America & Caribbean"
"Revista Ingeniería De Obras Civiles","rioc.ufro.cl","0719-0514",0,31,14,31,111,TRUE,"Latin America & Caribbean"
"Antropologías del Sur","revistas.academia.cl","0719-4498 0719-5532",18,30,13,12,276,TRUE,"Latin America & Caribbean"
"Gayana","gayana.cl","0717-652X 0717-6538",24,30,10,6,164,TRUE,"Latin America & Caribbean"
"CUBO, A Mathematical Journal","cubo.ufro.cl","0716-7776 0719-0646",30,30,16,0,821,TRUE,"Latin America & Caribbean"
"HYBRIS, Revista de Filosofí­a","revistas.cenaltes.cl","0718-8382",26,30,7,4,366,TRUE,"Latin America & Caribbean"
"Macrohistoria","www.macrohistoria.com","2735-749X",0,29,7,29,47,TRUE,"Latin America & Caribbean"
"Nueva Revista del Pacífico","revistas.upla.cl","0719-5176",22,29,16,7,263,TRUE,"Latin America & Caribbean"
"Ergonomía, Investigación y Desarrollo","revistas.udec.cl","2452-4859",27,28,22,1,211,TRUE,"Latin America & Caribbean"
"Revista Política y Estrategia","www.politicayestrategia.cl","0716-7415 0719-8027",22,28,0,6,244,TRUE,"Latin America & Caribbean"
"Chungara Revista de Antropología Chilena","www.chungara.cl","0717-7356",36,28,43,-8,214,TRUE,"Latin America & Caribbean"
"ANALES DE ARQUITECTURA UC","analesdearquitectura.uc.cl","2810-6075 2810-6490",19,28,0,9,136,TRUE,"Latin America & Caribbean"
"Journal of Movement & Health","jmh.ucv.cl","2452-5812",16,27,8,11,173,TRUE,"Latin America & Caribbean"
"Revista de Derecho (Valdivia)","revistaderechovaldivia.cl","0716-9132 0718-0950",34,27,16,-7,984,TRUE,"Latin America & Caribbean"
"Revista de Derecho y Ciencias Sociales","rduss.cl","0718-302X",12,27,19,15,78,TRUE,"Latin America & Caribbean"
"Boletín de la Sociedad Chilena de Arqueología","boletin.scha.cl","0716-5730 2735-7651",32,27,7,-5,749,TRUE,"Latin America & Caribbean"
"Teatro","revistateatro.uchile.cl","0719-6482 0719-6490",35,27,0,-8,154,TRUE,"Latin America & Caribbean"
"Revista Nodos","revistas.ugm.cl","2810-6008",7,27,9,20,43,TRUE,"Latin America & Caribbean"
"English Studies in Latin America: A Journal of Cultural and Literary Criticism","esla.letras.uc.cl","0719-9139",119,27,0,-92,231,TRUE,"Latin America & Caribbean"
"Revista de la Academia","revistas.academia.cl","0719-6318",15,26,11,11,183,TRUE,"Latin America & Caribbean"
"Revista Liminales. Escritos sobre Psicología y Sociedad","revistafacso.ucentral.cl","0718-4166 0719-7748",20,26,13,6,232,TRUE,"Latin America & Caribbean"
"Historia Agraria de América Latina","haal.cl","2452-5162",20,26,14,6,137,TRUE,"Latin America & Caribbean"
"LÍMITE Revista Interdisciplinaria de Filosofía y Psicología","revistalimite.uta.cl","0718-1361 0718-5065",25,26,15,1,247,TRUE,"Latin America & Caribbean"
"AUS - Arquitectura / Urbanismo / Sustentabilidad","revistas.uach.cl","0718-204X 0718-7262",15,26,25,11,454,TRUE,"Latin America & Caribbean"
"Pensamiento Educativo","pensamientoeducativo.uc.cl","0719-0409",25,26,0,1,755,TRUE,"Latin America & Caribbean"
"Veritas","rchd.uc.cl","0717-4675 0718-9273",13,26,4,13,478,TRUE,"Latin America & Caribbean"
"Nomadías","revistas.uchile.cl","0717-2761 0719-0905",0,25,27,25,631,TRUE,"Latin America & Caribbean"
"Revista de Estudios Tributarios","revistaestudiostributarios.uchile.cl","0718-9478 0719-7527",28,25,0,-3,350,TRUE,"Latin America & Caribbean"
"Meridional. Revista Chilena de Estudios Latinoamericanos","meridional.uchile.cl","0719-3734 0719-4862",35,25,11,-10,347,TRUE,"Latin America & Caribbean"
"Revista Ciencias de la Actividad Física UCM","revistaucmaule.ucm.cl","0717-408X 0719-4013",23,25,16,2,334,TRUE,"Latin America & Caribbean"
"Revista de Ciencias Sociales","revistas.uv.cl","0716-7725 0719-8442",30,25,12,-5,237,TRUE,"Latin America & Caribbean"
"Taller de Letras","tallerdeletras.letras.uc.cl","0716-0798",38,25,19,-13,463,TRUE,"Latin America & Caribbean"
"Revista Akadèmeia","revistas.ugm.cl","0717-9936 0718-9397",10,24,6,14,130,TRUE,"Latin America & Caribbean"
"Rumbos TS. Un espacio crítico para la reflexión en Ciencias Sociales","revistafacso.ucentral.cl","0718-4182 0719-7721",20,24,8,4,361,TRUE,"Latin America & Caribbean"
"Paideia Revista de Educación","revistas.udec.cl","2452-5154",0,24,15,24,232,TRUE,"Latin America & Caribbean"
"Revista Enfoques Educacionales","enfoqueseducacionales.uchile.cl","0717-3229 2735-7279",21,24,10,3,330,TRUE,"Latin America & Caribbean"
"Propuestas Críticas en Trabajo Social-Critical Proposals in Social Work","revistapropuestascriticas.uchile.cl","2735-6620",23,24,12,1,114,TRUE,"Latin America & Caribbean"
"Ciencia & Investigación Forestal","revista.infor.cl","0718-4530 0718-4646",13,24,0,11,596,TRUE,"Latin America & Caribbean"
"Revista Bits de Ciencia","revistasdex.uchile.cl","Sin ISSN",29,24,0,-5,333,TRUE,"Latin America & Caribbean"
"Sur y Tiempo: Revista de Historia de América","revistas.uv.cl","2452-574X",38,24,11,-14,115,TRUE,"Latin America & Caribbean"
"Revista Electrónica Diálogos Educativos. REDE","revistas.umce.cl","0718-1310",17,24,7,7,310,TRUE,"Latin America & Caribbean"
"Revista Historia y Patrimonio","rhp.uchile.cl","2810-6245",20,24,0,4,55,TRUE,"Latin America & Caribbean"
"Dorsal. Revista de Estudios Foucaultianos","revistas.cenaltes.cl","0719-7519",25,24,11,-1,236,TRUE,"Latin America & Caribbean"
"Revista de Arquitectura","dearquitectura.uchile.cl","0716-8772 0719-5427",25,23,0,-2,610,TRUE,"Latin America & Caribbean"
"Arboles y Rizomas","www.revistas.usach.cl","0719-9805",20,23,20,3,142,TRUE,"Latin America & Caribbean"
"Revista Chilena de Enfermería","revistachilenaenfermeria.uchile.cl","2452-5839",19,23,3,4,85,TRUE,"Latin America & Caribbean"
"Anuario de Derechos Humanos","anuariocdh.uchile.cl","0718-2058 0718-2279",23,23,0,0,458,TRUE,"Latin America & Caribbean"
"Revista de Filosofía","revistafilosofia.uchile.cl","0034-8236 0718-4360",31,23,0,-8,1177,TRUE,"Latin America & Caribbean"
"A.Dnz","adnz.uchile.cl","0719-4676",17,23,17,6,162,TRUE,"Latin America & Caribbean"
"Hábitat Sustentable","revistas.ubiobio.cl","0719-0700",20,22,11,2,242,TRUE,"Latin America & Caribbean"
"Terapia Psicológica","www.teps.cl","0716-6184 0718-4808",18,22,2,4,366,TRUE,"Latin America & Caribbean"
"Revista de Derecho Universidad de Concepción","revistas.udec.cl","0303-9986 0718-591X",25,22,19,-3,209,TRUE,"Latin America & Caribbean"
"Obras y Proyectos","revistas.ucsc.cl","0718-2805 0718-2813",19,22,13,3,207,TRUE,"Latin America & Caribbean"
"Revueltas. Revista chilena de Historia Social Popular","revistarevueltas.cl","2452-5707",31,22,27,-9,134,TRUE,"Latin America & Caribbean"
"Revista Gestión de las Personas y Tecnología","www.revistas.usach.cl","0718-5693",21,21,31,0,375,TRUE,"Latin America & Caribbean"
"Revista de Urbanismo","revistaurbanismo.uchile.cl","0717-5051",20,21,0,1,476,TRUE,"Latin America & Caribbean"
"Política. Revista de Ciencia Política","revistapolitica.uchile.cl","0716-1077 0719-5338",17,21,0,4,774,TRUE,"Latin America & Caribbean"
"Byzantion Nea Hellás","byzantion.uchile.cl","0716-2138 0718-8471",19,21,0,2,690,TRUE,"Latin America & Caribbean"
"Última Década","ultimadecada.uchile.cl","0717-4691 0718-2236",22,21,13,-1,581,TRUE,"Latin America & Caribbean"
"Revista stultifera","revistas.uach.cl","0719-983X",22,21,15,-1,152,TRUE,"Latin America & Caribbean"
"Revista ANACEM","revanacem.cl","0718-5308 0718-7041",0,21,44,21,66,TRUE,"Latin America & Caribbean"
"Castalia - Revista de Psicología de la Academia","revistas.academia.cl","0719-8051",19,20,20,1,170,TRUE,"Latin America & Caribbean"
"Revista Actos","revistas.academia.cl","2452-4727",24,20,12,-4,129,TRUE,"Latin America & Caribbean"
"Revista Chilena de Literatura","revistaliteratura.uchile.cl","0048-7651 0718-2295",67,20,11,-47,1902,TRUE,"Latin America & Caribbean"
"Estudios Avanzados","www.revistas.usach.cl","0718-5014",32,20,11,-12,356,TRUE,"Latin America & Caribbean"
"Economía y Política","www.economiaypolitica.cl","0719-4714 0719-4803",20,20,3,0,135,TRUE,"Latin America & Caribbean"
"Revista de Sociología","revistadesociologia.uchile.cl","0716-632X 0719-529X",24,20,0,-4,438,TRUE,"Latin America & Caribbean"
"Revista de Psicología","revistapsicologia.uchile.cl","0716-8039 0719-0581",16,20,0,4,609,TRUE,"Latin America & Caribbean"
"Átemus","revistaatemus.uchile.cl","0719-885X",11,20,0,9,149,TRUE,"Latin America & Caribbean"
"Revista Estudios de Políticas Públicas","revistaestudiospoliticaspublicas.uchile.cl","0719-6296",18,20,0,2,234,TRUE,"Latin America & Caribbean"
"TS Cuadernos de Trabajo Social","www.tscuadernosdetrabajosocial.cl","0719-6520",16,20,0,4,195,TRUE,"Latin America & Caribbean"
"Transformar","revistatransformar.cl","2735-6302",17,20,8,3,80,TRUE,"Latin America & Caribbean"
"Universum (Talca. En línea)","universum.utalca.cl","0716-498X 0718-2376",39,20,0,-19,193,TRUE,"Latin America & Caribbean"
"Revista Chilena de Reumatología","revistareumatologia.cl","2810-6032",56,20,12,-36,100,TRUE,"Latin America & Caribbean"
"Espacio Regional. Revista de Estudios Sociales","revistas.ulagos.cl","0718-1604 2735-6175",36,20,0,-16,249,TRUE,"Latin America & Caribbean"
"Sociedad & Riesgo","revistasdex.uchile.cl","Sin ISSN",0,20,0,20,20,TRUE,"Latin America & Caribbean"
"Avances en Ciencia e Ingeniería","acijournal.cl","0718-8706",0,20,0,20,20,TRUE,"Latin America & Caribbean"
"Urbano","revistas.ubiobio.cl","0717-3997 0718-3607",19,19,11,0,658,TRUE,"Latin America & Caribbean"
"Derecho Público Iberoamericano","revistas.udd.cl","0719-2959 0719-5354",18,19,8,1,286,TRUE,"Latin America & Caribbean"
"Revista Chilena de Derecho y Tecnología","rchdt.uchile.cl","0719-2576 0719-2584",32,19,0,-13,222,TRUE,"Latin America & Caribbean"
"Revista Estudios en Educación","ojs.umc.cl","2452-4980",17,19,12,2,163,TRUE,"Latin America & Caribbean"
"Austral Journal of Veterinary Sciences","ajvs.cl","0719-8000 0719-8132",26,19,12,-7,210,TRUE,"Latin America & Caribbean"
"Revista Saberes Educativos","sabereseducativos.uchile.cl","2452-5014",16,19,9,3,138,TRUE,"Latin America & Caribbean"
"Pléyade","www.revistapleyade.cl","0718-655X 0719-3696",15,19,0,4,363,TRUE,"Latin America & Caribbean"
"Revista Matronería Actual","revistas.uv.cl","2452-5820",14,19,6,5,90,TRUE,"Latin America & Caribbean"
"Cuadernos Chilenos de Historia de la Educación","historiadelaeducacion.cl","0719-3483 2810-627X",18,19,0,1,200,TRUE,"Latin America & Caribbean"
"Diseña","www.revistadisena.uc.cl","0718-8447 2452-4298",21,19,0,-2,176,TRUE,"Latin America & Caribbean"
"Revista Relatos","relatos.unab.cl","2810-6253 2810-6369",0,19,0,19,29,TRUE,"Latin America & Caribbean"
"STEINIANA: Revista de Estudios Interdisciplinarios","revistasteiniana.uc.cl","0719-8728",9,19,0,10,83,TRUE,"Latin America & Caribbean"
"Revista Conserva","revistaconserva.cl","0717-3539 0719-3858",0,19,0,19,19,TRUE,"Latin America & Caribbean"
"Revista de Pensamiento Crítico Aymara","www.pensamientocriticoaymara.com","2707-692X 2707-6938",14,18,0,4,83,TRUE,"Latin America & Caribbean"
"Revista Ethika+","revistaethika.uchile.cl","2452-6037",20,18,11,-2,141,TRUE,"Latin America & Caribbean"
"ARQUITECTURAS DEL SUR","revistas.ubiobio.cl","0716-2677 0719-6466",15,18,8,3,568,TRUE,"Latin America & Caribbean"
"Estado, Gobierno y Gestión Pública","revistaeggp.uchile.cl","0717-6759 0717-8980",26,18,0,-8,223,TRUE,"Latin America & Caribbean"
"Investigaciones Geográficas: Una mirada desde el sur","investigacionesgeograficas.uchile.cl","0718-9575 0719-5370",17,18,0,1,369,TRUE,"Latin America & Caribbean"
"Base Diseño e Innovación","revistas.udd.cl","0719-515X 2452-5928",8,18,6,10,248,TRUE,"Latin America & Caribbean"
"RChD: creación y pensamiento","rchd.uchile.cl","0719-837X 0719-8426",18,18,0,0,223,TRUE,"Latin America & Caribbean"
"Estudios Internacionales","revistaei.uchile.cl","0716-0240 0719-3769",18,18,6,0,1620,TRUE,"Latin America & Caribbean"
"Resonancias. Revista de Filosofía","resonancias.uchile.cl","0719-790X",22,18,0,-4,144,TRUE,"Latin America & Caribbean"
"Revista INVI","revistainvi.uchile.cl","0718-1299 0718-8358",34,18,6,-16,801,TRUE,"Latin America & Caribbean"
"Gobierno y administración pública","revistas.udec.cl","2735-7074",16,18,19,2,78,TRUE,"Latin America & Caribbean"
"Revista de Inclusión Educativa y Diversidad (RIED)","ried.website","2810-6563",4,18,16,14,38,TRUE,"Latin America & Caribbean"
"Revista de Educación Religiosa","revistas.uft.cl","2452-5936",17,17,8,0,129,TRUE,"Latin America & Caribbean"
"Sustainability, Agri, Food and Environmental Research-DESCONTINUADA","safer.uct.cl","0719-3726",702,17,0,-685,719,TRUE,"Latin America & Caribbean"
"Tiempo Histórico","revistas.academia.cl","0718-7432 0719-5699",16,17,12,1,301,TRUE,"Latin America & Caribbean"
"URBE. Arquitectura, Ciudad y Territorio","revistas.udec.cl","2735-606X 2735-6078",18,17,8,-1,92,TRUE,"Latin America & Caribbean"
"Journal of Management & Business Studies","revistas.uautonoma.cl","2452-5340",7,17,8,10,80,TRUE,"Latin America & Caribbean"
"Lenguas Modernas","lenguasmodernas.uchile.cl","0716-0542 0719-5443",38,17,2,-21,674,TRUE,"Latin America & Caribbean"
"Revista de Derecho Económico","revistaderechoeconomico.uchile.cl","0716-310X 0719-7462",17,17,0,0,435,TRUE,"Latin America & Caribbean"
"Revista Punto Género","revistapuntogenero.uchile.cl","0719-0417 2735-7473",29,17,17,-12,241,TRUE,"Latin America & Caribbean"
"Anales de la Universidad de Chile","anales.uchile.cl","0365-7779 0717-8883",73,17,0,-56,7801,TRUE,"Latin America & Caribbean"
"Cultura y Religión","revistaculturayreligion.cl","0718-4727 0718-5472",15,17,6,2,407,TRUE,"Latin America & Caribbean"
"Palabra y Razón","revistapyr.ucm.cl","0719-2223 2452-4646",29,17,8,-12,183,TRUE,"Latin America & Caribbean"
"Vincularte","revistavincularte.cl","2810-6636",8,17,0,9,77,TRUE,"Latin America & Caribbean"
"Revista Latinoamericana de Derecho y Religión","revistalatderechoyreligion.uc.cl","0719-7160",22,17,10,-5,214,TRUE,"Latin America & Caribbean"
"Anales del Instituto de la Patagonia -- ISSN 0718-686X","www.analesdelinstitutodelapatagonia.cl","0718-686X",12,16,0,4,467,TRUE,"Latin America & Caribbean"
"Revista de Derecho Ambiental","revistas.uchile.cl","0718-0101 0719-4633",14,16,0,2,214,TRUE,"Latin America & Caribbean"
"Revista de derecho (Coquimbo)","revistaderecho.ucn.cl","0718-9753",20,16,126,-4,759,TRUE,"Latin America & Caribbean"
"Revista Chilena de Fonoaudiología","revfono.uchile.cl","0717-4659 0719-4692",19,16,4,-3,241,TRUE,"Latin America & Caribbean"
"Mutatis Mutandis: Revista Internacional de Filosofía","revistamutatismutandis.com","0719-4773",14,16,3,2,272,TRUE,"Latin America & Caribbean"
"RLA. Revista de Lingüística Teórica y Aplicada","revistas.udec.cl","0033-698X 0718-4883",17,16,9,-1,142,TRUE,"Latin America & Caribbean"
"Debates Jurídicos y Sociales","debatesjuridicosysociales.cl","0718-5685 2452-5693",0,16,16,16,140,TRUE,"Latin America & Caribbean"
"Journal of the Chilean Chemical Society","www.jcchems.com","0717-9324 0717-9707",45,16,30,-29,588,TRUE,"Latin America & Caribbean"
"Si Somos Americanos","www.sisomosamericanos.cl","0718-2910 0719-0948",14,16,15,2,410,TRUE,"Latin America & Caribbean"
"Revista Némesis","revistanemesis.uchile.cl","0718-0497 0719-8663",0,16,0,16,187,TRUE,"Latin America & Caribbean"
"UCMaule","revistaucmaule.ucm.cl","0717-2656 0719-9872",13,16,8,3,137,TRUE,"Latin America & Caribbean"
"Multidisciplinary Business Review","journals.publicknowledgeproject.org","0718-3992 0718-400X",16,16,7,0,213,TRUE,"Latin America & Caribbean"
"Anales de Teología","revistas.ucsc.cl","0717-4152 2735-6345",165,16,0,-149,250,TRUE,"Latin America & Caribbean"
"Revista Científica Cuadernos de Investigación","cuadernosdeinvestigacion.unach.cl","2810-6210",20,16,0,-4,36,TRUE,"Latin America & Caribbean"
"PEM. Revista de Didáctica, Evaluación e Innovación","revistapem.unab.cl","2735-7414",0,16,8,16,24,TRUE,"Latin America & Caribbean"
"Revista Realidad Educativa","revistas.uft.cl","2452-6134",16,15,14,-1,65,TRUE,"Latin America & Caribbean"
"International Journal of Medical and Surgical Sciences","revistas.uautonoma.cl","0719-3904 0719-532X",21,15,7,-6,405,TRUE,"Latin America & Caribbean"
"Gayana Botanica","gayanabotanica.cl","0016-5301 0717-6643",15,15,11,0,201,TRUE,"Latin America & Caribbean"
"MAD","revistamad.uchile.cl","0718-0527",21,15,0,-6,367,TRUE,"Latin America & Caribbean"
"Revista de Estudiantes de Medicina del Sur","rems.ufro.cl","0718-1906 0718-9958",8,15,0,7,136,TRUE,"Latin America & Caribbean"
"Revista de Estudios de la Justicia","rej.uchile.cl","0718-0853 0718-4735",16,15,0,-1,322,TRUE,"Latin America & Caribbean"
"Pensamiento y Acción Interdisciplinaria","revistapai.ucm.cl","0719-8078",6,15,11,9,144,TRUE,"Latin America & Caribbean"
"Inferencias: Boletín de Bioestadística","revistasdex.uchile.cl","Sin ISSN",12,15,10,3,67,TRUE,"Latin America & Caribbean"
"Cinta de Moebio. Revista de Epistemología de Ciencias Sociales","cintademoebio.uchile.cl","0717-554X",16,15,0,-1,576,TRUE,"Latin America & Caribbean"
"Praxispsi","praxispsy.udp.cl","2735-6957",16,15,19,-1,180,TRUE,"Latin America & Caribbean"
"Paulo Freire. Revista de Pedagogía Crítica","revistas.academia.cl","0717-9065 0719-8019",4,14,12,10,301,TRUE,"Latin America & Caribbean"
"Revista Chilena de Antropología","revistas.uchile.cl","0716-3312 0719-1472",16,14,0,-2,465,TRUE,"Latin America & Caribbean"
"RAN - Revista Academia & Negocios","revistas.udec.cl","0719-6245 0719-7713",46,14,17,-32,192,TRUE,"Latin America & Caribbean"
"Revista Jurídica Digital UANDES","rjd.uandes.cl","0719-7942",28,14,4,-14,160,TRUE,"Latin America & Caribbean"
"Encrucijada Americana","encrucijadaamericana.uahurtado.cl","0718-5766 0719-3432",16,14,0,-2,223,TRUE,"Latin America & Caribbean"
"Revista Chilena de Neurocirugía","revistachilenadeneurocirugia.com","0716-4491 2452-5553",29,14,15,-15,248,TRUE,"Latin America & Caribbean"
"Revista de Derecho de la Universidad Católica de la Santísima Concepción","revistas.ucsc.cl","0717-0599 2735-6337",19,14,13,-5,126,TRUE,"Latin America & Caribbean"
"Revista INTEREDU","revistas.ulagos.cl","2735-6523",16,14,0,-2,135,TRUE,"Latin America & Caribbean"
"RIME","revistas.ulagos.cl","2810-7187",0,14,0,14,14,TRUE,"Latin America & Caribbean"
"Littera Scripta","litterascripta.unab.cl","2735-6140",15,14,6,-1,70,TRUE,"Latin America & Caribbean"
"Textos Híbridos","textoshibridos.uai.cl","2157-0159",13,13,5,0,160,TRUE,"North America"
"European Journal of Education and Psychology","revistas.uautonoma.cl","1888-8992 1989-2209",12,13,9,1,242,TRUE,"Latin America & Caribbean"
"Revista Geográfica de Chile Terra Australis","www.revistaterraaustralis.cl","0378-8482 0719-9562",20,13,0,-7,89,TRUE,"Latin America & Caribbean"
"Revista Electrónica de Investigación en Docencia Universitaria","www.reidu.cl","2452-4875",14,13,13,-1,85,TRUE,"Latin America & Caribbean"
"Revista Educación Las Américas","revistas.udla.cl","0719-7128",16,13,12,-3,134,TRUE,"Latin America & Caribbean"
"Revista ProPulsión Interdisciplina en Ciencias Sociales y Humanidades","ojs.revpropulsion.cl","2452-5758",14,13,7,-1,77,TRUE,"Latin America & Caribbean"
"Amoxtli","revistas.uft.cl","0719-997X",21,13,12,-8,95,TRUE,"Latin America & Caribbean"
"Ludus Vitalis. Revista de Filosofía de las Ciencias de la Vida","revistas.uv.cl","2810-7098",1,13,0,12,29,TRUE,"Latin America & Caribbean"
"Revista Planeo","revistadelaconstruccion.uc.cl","0719-2932",22,13,0,-9,40,TRUE,"Latin America & Caribbean"
"Revista Enfoques: Ciencia Política y Administración Pública","www.revistaenfoques.cl","0718-9656",11,13,6,2,358,TRUE,"Latin America & Caribbean"
"Pro Jure Revista de Derecho - Pontificia Universidad Católica de Valparaíso","www.projurepucv.cl","2810-7659",7,13,27,6,1070,TRUE,"Latin America & Caribbean"
"Horizontes Empresariales","revistas.ubiobio.cl","0717-9901 0719-0875",11,12,6,1,230,TRUE,"Latin America & Caribbean"
"Revista de Estudios Ius Novum","www.revistaiusnovum.cl","0718-5510 2452-4263",11,12,0,1,97,TRUE,"Latin America & Caribbean"
"Revista de Derecho Público","revistaderechopublico.uchile.cl","0716-0267 0719-5249",12,12,0,0,1366,TRUE,"Latin America & Caribbean"
"Cuadernos Judaicos","cuadernosjudaicos.uchile.cl","0717-4357 0718-8749",21,12,0,-9,352,TRUE,"Latin America & Caribbean"
"Revista Chilena de Derecho del Trabajo y de la Seguridad Social","revistatrabajo.uchile.cl","0719-0093 0719-7551",13,12,0,-1,356,TRUE,"Latin America & Caribbean"
"Cuadernos de Teoría Social","cuadernosdeteoriasocial.udp.cl","0719-6415 0719-6423",12,12,14,0,142,TRUE,"Latin America & Caribbean"
"Revista Central de Sociología","www.centraldesociologia.cl","0718-4379 2735-7058",14,12,12,-2,155,TRUE,"Latin America & Caribbean"
"Revista Educación Física Chile","revistas.umce.cl","0716-0518 0719-1723",14,12,11,-2,100,TRUE,"Latin America & Caribbean"
"Revista Infancia, Educación y Aprendizaje","revistas.uv.cl","0719-6202",6,12,14,6,395,TRUE,"Latin America & Caribbean"
"En las Fronteras del Derecho","fdd.ufro.cl","2735-7236",13,12,2,-1,42,TRUE,"Latin America & Caribbean"
"Ibero-American Journal of Psychology and Public Policy","ijppp.cl","2810-6598",0,12,6,12,18,TRUE,"Latin America & Caribbean"
"Grecorromana","grecorromana.unab.cl","0719-9902",9,12,2,3,50,TRUE,"Latin America & Caribbean"
"Inmanere","www.rexe.cl","2735-7961 2735-797X",14,12,2,-2,34,TRUE,"Latin America & Caribbean"
"Revista Chilena de Salud Pública","revistasaludpublica.uchile.cl","0717-3652 0719-5281",41,11,13,-30,720,TRUE,"Latin America & Caribbean"
"Revista Justicia & Derecho","revistas.uautonoma.cl","0719-9392",16,11,24,-5,151,TRUE,"Latin America & Caribbean"
"Revista de Ciencias Sociales","revistacienciasociales.cl","0717-2257 0718-3631",15,11,2,-4,327,TRUE,"Latin America & Caribbean"
"Antítesis - Revista iberoamericana de estudios hegelianos","revistas-new.uam.es","2735-7090 2792-436X",10,11,0,1,56,TRUE,"Latin America & Caribbean"
"Latin American Journal of Trade Policy","lajtp.uchile.cl","0719-9368",13,10,4,-3,96,TRUE,"Latin America & Caribbean"
"Economic Analysis Review","www.rae-ear.org","0716-5927 0718-8870",10,10,0,0,455,TRUE,"Latin America & Caribbean"
"Persona y Sociedad","personaysociedad.uahurtado.cl","0716-730X 0719-0883",16,10,4,-6,324,TRUE,"Latin America & Caribbean"
"Revista Chilena de Rehabilitación y Actividad Física","revistas.uautonoma.cl","2735-7287",16,10,12,-6,56,TRUE,"Latin America & Caribbean"
"Archivos de la Sociedad Chilena de Medicina del Deporte","revistasochmedep.cl","0719-7322",12,10,5,-2,77,TRUE,"Latin America & Caribbean"
"Revista Chilena de Atención Primaria y Salud Familiar","rchapsf.uchile.cl","2735-7805",3,10,1,7,22,TRUE,"Latin America & Caribbean"
"Revista de Educación Estadística","revistaucmaule.ucm.cl","2810-6164",8,10,11,2,38,TRUE,"Latin America & Caribbean"
"Estudios Culturales","revistadeestudiosculturales.cl","2810-7772",0,10,1,10,11,TRUE,"Latin America & Caribbean"
"Revista Chilena de Terapia Ocupacional","revistaterapiaocupacional.uchile.cl","0717-6767 0719-5346",24,9,3,-15,477,TRUE,"Latin America & Caribbean"
"Contextos: Estudios de Humanidades y Ciencias Sociales","revistas.umce.cl","0717-7828 0719-1014",11,9,10,-2,814,TRUE,"Latin America & Caribbean"
"European Journal of Child Development, Education and Psychopathology","revistas.uautonoma.cl","2340-924X",10,9,3,-1,120,TRUE,"Europe & Central Asia"
"Revista Iberoamericana de Estudios Municipales","revistas.uautonoma.cl","0719-1790",9,9,13,0,195,TRUE,"Latin America & Caribbean"
"Revista Sophia Austral","www.sophiaaustral.cl","0719-5605",14,9,7,-5,204,TRUE,"Latin America & Caribbean"
"Boletín Museo Nacional de Historia Natural","boletinmnhn.cl","0027-3910 0719-935X",9,9,2,0,936,TRUE,"Latin America & Caribbean"
"Revista de Biología Marina y Oceanografía","revistas.uv.cl","0717-3326 0718-1957",23,9,0,-14,276,TRUE,"Latin America & Caribbean"
"Revista de Gestión Pública","revistas.uv.cl","0719-1820 0719-1839",11,9,1,-2,145,TRUE,"Latin America & Caribbean"
"Revista Summa de Arithmetica","www.revista-sda.cl","0719-1146 2735-7317",9,9,12,0,67,TRUE,"Latin America & Caribbean"
"Revista Chilena de Historia del Derecho","historiadelderecho.uchile.cl","0716-5447 0719-5451",1,9,0,8,538,TRUE,"Latin America & Caribbean"
"Latin American Legal Studies","lals.uai.cl","0719-9104 0719-9112",16,9,13,-7,115,TRUE,"Latin America & Caribbean"
"Revista de Investigación Aplicada en Ciencias Empresariales","iace.uv.cl","0719-3084 0719-9910",10,9,0,-1,95,TRUE,"Latin America & Caribbean"
"Revista del Instituto de Salud Pública de Chile","revista.ispch.gob.cl","0719-9317",8,9,0,1,102,TRUE,"Latin America & Caribbean"
"Artexégesis: Revista de prácticas artísticas e investigación","artexegesis.uc.cl","2810-773X",0,9,16,9,25,TRUE,"Latin America & Caribbean"
"Revista Observatorio del Deporte","revistaobservatoriodeldeporte.cl","0719-5729",7,8,5,1,264,TRUE,"Latin America & Caribbean"
"CAPIC REVIEW","capicreview.com","0718-4654 0718-4662",13,8,5,-5,104,TRUE,"Latin America & Caribbean"
"Cuadernos de Filosofía","revistas.udec.cl","3087-2464",10,8,10,-2,153,TRUE,"Latin America & Caribbean"
"Rehabilitacion Integral","rehabilitacionintegral.cl","0718-7157 0718-7947",4,8,8,4,58,TRUE,"Latin America & Caribbean"
"Estudios de Transporte","estudiosdetransporte.org","2735-6299",11,8,0,-3,143,TRUE,"Latin America & Caribbean"
"Convergencia Educativa","revistaucmaule.ucm.cl","0719-3351",14,8,14,-6,118,TRUE,"Latin America & Caribbean"
"Benessere. Revista de Enfermería","revistas.uv.cl","0719-7764",12,8,5,-4,82,TRUE,"Latin America & Caribbean"
"Revista de Estudios Judiciales","revistaiej.cl","0719-8779 2810-7004",0,8,9,8,17,TRUE,"Latin America & Caribbean"
"Revista de Derecho Aplicado LLM UC","onomazein.letras.uc.cl","2452-4344",22,8,7,-14,101,TRUE,"Latin America & Caribbean"
"Palimpsesto","www.revistas.usach.cl","0718-5898",18,7,19,-11,200,TRUE,"Latin America & Caribbean"
"Revista Chilena de Educación Matemática","www.sochiem.cl","2452-5448",8,7,8,-1,62,TRUE,"Latin America & Caribbean"
"GESTIÓN Y TENDENCIAS","www.gestionytendencias.cl","0719-6768",0,7,0,7,98,TRUE,"Latin America & Caribbean"
"Nuevas Dimensiones","nuevasdimensiones.uahurtado.cl","0719-384X",0,7,1,7,60,TRUE,"Latin America & Caribbean"
"Estudios de Economía","estudiosdeeconomia.uchile.cl","0304-2758 0718-5286",11,7,19,-4,635,TRUE,"Latin America & Caribbean"
"Ducere: Revista de Investigación Educativa","ducere.cl","2735-668X",5,7,8,2,38,TRUE,"Latin America & Caribbean"
"Perfiles Económicos","revistas.uv.cl","0719-7586",25,7,10,-18,136,TRUE,"Latin America & Caribbean"
"Revista Odontológica Científica Chilena","rocc.uchile.cl","2735-7600",7,7,0,0,29,TRUE,"Latin America & Caribbean"
"Revista CIS","revistacis.org","0719-2177",5,7,0,2,20,TRUE,"Latin America & Caribbean"
"Revista Nothofagus","revistanothofagus.ulagos.cl","2810-7217",0,7,96,7,103,TRUE,"Latin America & Caribbean"
"Revista Universidad y Territorio","www.revistas.usach.cl","2810-6784",0,7,6,7,13,TRUE,"Latin America & Caribbean"
"Invisto","fenoacontecial.com","2810-7969",0,7,7,7,14,TRUE,"Latin America & Caribbean"
"Congreso de Docencia en Educación Superior CODES","revistas.userena.cl","2810-7233",127,7,0,-120,135,TRUE,"Latin America & Caribbean"
"REVISTA DE HUMANIDADES Y CIENCIAS SOCIALES Y MULTIDISCIPLINARIA","100cs.cl","0719-5737",7,6,0,-1,157,TRUE,"Latin America & Caribbean"
"Revista Chilena de Pedagogía","revistadepedagogia.uchile.cl","2452-5855",0,6,8,6,45,TRUE,"Latin America & Caribbean"
"Revista Estudios Hemisféricos y Polares","www.revistaestudioshemisfericosypolares.cl","0718-9230",9,6,2,-3,200,TRUE,"Latin America & Caribbean"
"Cuadernos de Sociología","revistaucmaule.ucm.cl","0719-9090",2,6,0,4,85,TRUE,"Latin America & Caribbean"
"Revista Universitaria Ruta","revistas.userena.cl","0719-5990",12,6,0,-6,140,TRUE,"Latin America & Caribbean"
"Boletín Micológico","revistas.uv.cl","0719-3114",9,6,4,-3,576,TRUE,"Latin America & Caribbean"
"Panambí. Revista de Investigaciones Artísticas","revistas.uv.cl","0719-630X",7,6,8,-1,173,TRUE,"Latin America & Caribbean"
"Applied Sciences in Dentistry","revistas.uv.cl","0719-5761",10,6,7,-4,115,TRUE,"Latin America & Caribbean"
"Filosofía Juridica","anuario.filosofiajuridica.cl","Sin ISSN",13,6,6,-7,66,TRUE,"Latin America & Caribbean"
"Revista Chilena de Estudiantes de Medicina","revistachilenaenfermeria.uchile.cl","0718-6711 0718-672X",2,6,0,4,222,TRUE,"Latin America & Caribbean"
"Revista Economía, Gestión y Territorio","revistas.uach.cl","2810-7349 2810-7357",0,6,5,6,11,TRUE,"Latin America & Caribbean"
"Cuadernos de Enfermería","cuenfer.ucm.cl","2735-7325",7,6,10,-1,31,TRUE,"Latin America & Caribbean"
"Tiempo y Espacio","revistas.ubiobio.cl","0716-9671 0719-0867",13,5,0,-8,376,FALSE,"Latin America & Caribbean"
"European Journal of Health Research","revistas.uautonoma.cl","2444-9067 2445-0308",10,5,2,-5,132,FALSE,"Europe & Central Asia"
"Revista de Estudiantes de Terapia Ocupacional","reto.ubo.cl","0719-8264",28,5,0,-23,127,FALSE,"Latin America & Caribbean"
"Revista Chilena de Medicina Familiar","www.revistachilenademedicinafamiliar.cl","0717-5965 0719-7950",3,5,6,2,317,FALSE,"Latin America & Caribbean"
"Boletín de Políticas y Gestión Educativa","revistas.umce.cl","0719-6512",0,5,0,5,50,FALSE,"Latin America & Caribbean"
"Revista Trilogía","revistas.utem.cl","2452-5995",0,5,0,5,5,FALSE,"Latin America & Caribbean"
"Culturas Científicas","www.revistas.usach.cl","0719-9856",5,4,1,-1,44,FALSE,"Latin America & Caribbean"
"SciComm Report","revistas.uautonoma.cl","2735-623X",5,4,7,-1,39,FALSE,"Latin America & Caribbean"
"Cuaderno de trabajo","www.politicayestrategia.cl","0719-4110",6,4,0,-2,75,FALSE,"Latin America & Caribbean"
"Cuidados de Enfermería y Educación en Salud","revistas.userena.cl","0719-4331",8,3,3,-5,51,FALSE,"Latin America & Caribbean"
"Agro Sur","revistas.uach.cl","0304-8802 0719-4196",21,3,1,-18,594,FALSE,"Latin America & Caribbean"
"Revista Perspectivas Educacionales (REPED)","revistas.umce.cl","0718-5030 2810-6962",103,3,6,-100,172,FALSE,"Latin America & Caribbean"
"Revista Ingeniería Industrial","revistas.ubiobio.cl","0717-9103 0718-8307",2,2,1,0,255,FALSE,"Latin America & Caribbean"
"Revista Tribuna Internacional","tribunainternacional.uchile.cl","0719-210X 0719-482X",11,2,4,-9,211,FALSE,"Latin America & Caribbean"
"Revista Ciencias de la Documentación","cienciasdeladocumentacion.cl","0719-5753",0,2,0,2,167,FALSE,"Latin America & Caribbean"
"Revista Latinoamericana sobre Estudios Asiáticos","revistalea.uchile.cl","2810-6865",4,2,2,-2,8,FALSE,"Latin America & Caribbean"
"Revista Latinoamericana de Estudios Constitucionales. ISSN 2735-6868","estudiosconstitucionales.org","2735-6868",0,1,0,1,5,FALSE,"Latin America & Caribbean"
"Balance Estratégico","www.publicacionesanepe.cl","0719-8655 0719-9422",0,1,0,1,10,FALSE,"Latin America & Caribbean"
"Mirador Mundial","www.politicayestrategia.cl","2452-4247 2452-4255",8,1,0,-7,48,FALSE,"Latin America & Caribbean"
"Atacama Journal of Health Sciences","revistas.uda.cl","Sin ISSN",4,1,0,-3,9,FALSE,"Latin America & Caribbean"
"Avances en Ciencias Sociales","nuestramerica.cl","2810-6903",3,1,0,-2,11,FALSE,"Latin America & Caribbean"
"Polyphōnía. Revista de Educación Inclusiva / Polyphōnía. Journal of Inclusive Education","revista.celei.cl","0719-7438",7,0,0,-7,131,FALSE,"Latin America & Caribbean"
"SALUD Y BIENESTAR COLECTIVO","revistasaludybienestarcolectivo.com","0719-8736",1,0,0,-1,88,FALSE,"Latin America & Caribbean"
"Praxis Arqueológica","praxis.uahurtado.cl","2452-5081",4,0,0,-4,23,FALSE,"Latin America & Caribbean"
"Cogency","cogency.udp.cl","0718-8285 0719-9430",0,0,0,0,162,FALSE,"Latin America & Caribbean"
"Boletín de Anestesia","boletinanestesia.uchile.cl","2735-6310",6,0,0,-6,20,FALSE,"Latin America & Caribbean"
"Salud & Sociedad","revistas.ucn.cl","0718-7475",0,0,0,0,214,FALSE,"Latin America & Caribbean"
"Revista Transformación Socio-Espacial","revistas.ubiobio.cl","2452-5413",0,0,0,0,15,FALSE,"Latin America & Caribbean"
"Horizontes Educacionales","revistas.ubiobio.cl","Sin ISSN",0,0,0,0,91,FALSE,"Latin America & Caribbean"
"Revista de Geografía Espacios","revistas.academia.cl","0719-0573 0719-7209",0,0,0,0,190,FALSE,"Latin America & Caribbean"
"Proyectos de Innovación Docente (CID). CIEDU INACAP","ojs.inacap.cl","Sin ISSN",0,0,0,0,45,FALSE,"Latin America & Caribbean"
"Summa Psicológica","summapsicologica.cl","0718-0446 0719-448X",10,0,6,-10,337,FALSE,"Latin America & Caribbean"
"Estudios Constitucionales","www.estudiosconstitucionales.cl","0718-0195 0718-5200",15,0,0,-15,501,FALSE,"Latin America & Caribbean"
"Educación y Tecnologí­a","revistas.umce.cl","0719-2495",3,0,0,-3,88,FALSE,"Latin America & Caribbean"
"Revista Horizonte Ciencias de la Actividad Física","revistahorizonte.ulagos.cl","0718-8188",0,0,0,0,161,FALSE,"Latin America & Caribbean"
"Acto & Forma","actoyforma.cl","0719-7543",0,0,0,0,193,FALSE,"Latin America & Caribbean"
"Estudios de Administración","estudiosdeadministracion.uchile.cl","0717-0653 0719-0816",7,0,0,-7,205,FALSE,"Latin America & Caribbean"
"Acta Literaria","revistas.udec.cl","0716-0909 0717-6848",20,0,29,-20,480,FALSE,"Latin America & Caribbean"
"Alzaprima","revistas.udec.cl","0718-8595 2452-6150",2,0,0,-2,124,FALSE,"Latin America & Caribbean"
"Revista Geográfica del Sur","revistas.udec.cl","0718-7653 0718-9249",6,0,67,-6,91,FALSE,"Latin America & Caribbean"
"Sociedad Hoy","revistas.udec.cl","0717-3512 0719-9554",0,0,0,0,63,FALSE,"Latin America & Caribbean"
"Territorios y Regionalismos","revistas.udec.cl","2452-5650",0,0,8,0,62,FALSE,"Latin America & Caribbean"
"Medical Plant Communications","mpc.ms-editions.cl","2452-4433",4,0,0,-4,63,FALSE,"Latin America & Caribbean"
"REVISTA ESPACIO Y SOCIEDAD","espacioysociedad.cl","0719-8922",0,0,0,0,50,FALSE,"Latin America & Caribbean"
"Revista Bricolaje","revistabricolaje.uchile.cl","0719-692X 0719-9716",0,0,0,0,77,FALSE,"Latin America & Caribbean"
"Contacto Científico","contactocientifico.alemana.cl","0719-045X",0,0,0,0,596,FALSE,"Latin America & Caribbean"
"Auca: Arquitectura Urbanismo Construcción Arte","revistaauca.uchile.cl","2735-6388",0,0,0,0,1056,FALSE,"Latin America & Caribbean"
"Neumología Pediátrica","www.neumologia-pediatrica.cl","0718-333X",39,0,0,-39,372,FALSE,"Latin America & Caribbean"
"Revista de Teoría del Arte","revistateoriadelarte.uchile.cl","0719-7276",16,0,10,-16,416,FALSE,"Latin America & Caribbean"
"Revista Pensamiento Académico","www.revistapensamientoacademico.cl","0719-9511",0,0,0,0,65,FALSE,"Latin America & Caribbean"
"Clio","revistasdex.uchile.cl","Sin ISSN",0,0,0,0,285,FALSE,"Latin America & Caribbean"
"Revista Arte en la Chile","revistasdex.uchile.cl","Sin ISSN",0,0,0,0,28,FALSE,"Latin America & Caribbean"
"El Paracaídas","revistasdex.uchile.cl","Sin ISSN",0,0,0,0,173,FALSE,"Latin America & Caribbean"
"Noticias","revistasdex.uchile.cl","Sin ISSN",0,0,0,0,1067,FALSE,"Latin America & Caribbean"
"Antumapu","revistasdex.uchile.cl","Sin ISSN",0,0,0,0,149,FALSE,"Latin America & Caribbean"
"Rompefilas","rompefilas.cl","0716-7598",16,0,0,-16,37,FALSE,"Latin America & Caribbean"
"Revista Protesta y Carisma","revistaprotestaycarisma.cl","2452-5308",14,0,0,-14,61,FALSE,"Latin America & Caribbean"
"Mirada FEN","revistasdex.uchile.cl","Sin ISSN",0,0,0,0,67,FALSE,"Latin America & Caribbean"
"Tierra Nueva (Antofagasta)","revistas.ucn.cl","0718-0845 2735-6213",0,0,0,0,10,FALSE,"Latin America & Caribbean"
"Logos: Revista de Lingüística, Filosofía y Literatura","revistas.userena.cl","0719-3262",0,0,0,0,366,FALSE,"Latin America & Caribbean"
"Modelamiento Matemático de Sistemas Biológicos","revistas.utem.cloud","2735-6817",0,0,0,0,6,FALSE,"Latin America & Caribbean"
"Nuestra Historia","revistasdex.uchile.cl","Sin ISSN",0,0,0,0,66,FALSE,"Latin America & Caribbean"
"Boletín de Cambio Climático","revistasdex.uchile.cl","Sin ISSN",0,0,0,0,44,FALSE,"Latin America & Caribbean"
"Boletín de Jurisprudencia Ambiental","revistasdex.uchile.cl","Sin ISSN",0,0,0,0,47,FALSE,"Latin America & Caribbean"
"Dinámica","revistasdex.uchile.cl","0719-8531",0,0,0,0,102,FALSE,"Latin America & Caribbean"
"Beauchef Magazine","revistasdex.uchile.cl","Sin ISSN",0,0,24,0,343,FALSE,"Latin America & Caribbean"
"Journal of Mining Engineering and Research","j-miner.cl","0719-9961",0,0,0,0,31,FALSE,"Latin America & Caribbean"
"Técnica y Creación","revistasdex.uchile.cl","Sin ISSN",0,0,0,0,205,FALSE,"Latin America & Caribbean"
"Boletín Informativo","revistasdex.uchile.cl","Sin ISSN",0,0,0,0,206,FALSE,"Latin America & Caribbean"
"Revista de Psiquiatría Clínica","revistapsiquiatriaclinica.uchile.cl","0716-1220",0,0,0,0,29,FALSE,"Latin America & Caribbean"
"Europa del Este Unida","europadelesteunida.com","0719-7284",0,0,0,0,92,FALSE,"Latin America & Caribbean"
"Revista Cognición & Lenguaje","revistas.uv.cl","2452-431X",0,0,5,0,5,FALSE,"Latin America & Caribbean"
"Revista Andamio","revista-andamio.cl","0719-4080 0719-4099",0,0,0,0,108,FALSE,"Latin America & Caribbean"
"Gestión Turística","revistas.uach.cl","0717-1811 0718-6428",5,0,0,-5,238,FALSE,"Latin America & Caribbean"
"Cuadernos de descolonización y liberación","ediciones.nuestramerica.cl","2452-4522",0,0,0,0,15,FALSE,"Latin America & Caribbean"
"Revista F@ro","revistafaro.cl","0718-2023 0718-4018",13,0,0,-13,396,FALSE,"Latin America & Caribbean"
"Pragmatika review","pragmatikasolutions.com","2452-5006",7,0,0,-7,134,FALSE,"Latin America & Caribbean"
"Revista Nordestina de História do Brasil","rnhb.com.br","2596-0334 2674-7332",0,0,0,0,62,FALSE,"Latin America & Caribbean"
"Acta Entomológica Chilena","revistas.umce.cl","0716-5072",13,0,0,-13,249,FALSE,"Latin America & Caribbean"
"Iter","revistas.umce.cl","0718-1329",0,0,0,0,207,FALSE,"Latin America & Caribbean"
"Revista de Orientación Educacional","www.roeupla.cl","0716-5714 0719-5117",11,0,0,-11,118,FALSE,"Latin America & Caribbean"
"Revista Mahpat","revistamahpat.com","0719-7365",0,0,0,0,25,FALSE,"Latin America & Caribbean"
"Planificación vivienda ciudad región","revistasdex.uchile.cl","Sin ISSN",0,0,0,0,144,FALSE,"Latin America & Caribbean"
"Lenguas Radicales","ojs3.lenguasradicales.cl","2735-6280",5,0,0,-5,32,FALSE,"Latin America & Caribbean"
"Revista Estudiantil de Ensayos Monográficos","revistasdex.uchile.cl","Sin ISSN",10,0,12,-10,30,FALSE,"Latin America & Caribbean"
"Comunicaciones: una revista de geología andina","revistasdex.uchile.cl","Sin ISSN",347,0,0,-347,351,FALSE,"Latin America & Caribbean"
"Revista Boletín Científico Tecnológico","boletincientifico.cl","0718-1191 2452-607X",9,0,0,-9,44,FALSE,"Latin America & Caribbean"
"Public Finance Quarterly","journals.lib.uni-corvinus.hu","0031-496X 2064-8278",0,0,0,0,284,FALSE,"0,0,45,1,64,0,""East Asia & Pacific"""
"Revista LIDER","revistas.ulagos.cl","Sin ISSN",0,0,0,0,319,FALSE,"Latin America & Caribbean"
"Revista horizonte","revistas.ulagos.cl","0718-817X",0,0,0,0,157,FALSE,"Latin America & Caribbean"
"Revista de Estudios Históricos","revistasdex.uchile.cl","Sin ISSN",24,0,0,-24,24,FALSE,"Latin America & Caribbean"
"EMERGENCIAS: Cuaderno del Magíster en Comunicación Política","revistasdex.uchile.cl","Sin ISSN",8,0,0,-8,8,FALSE,"Latin America & Caribbean"
"Nutrición y Vida","revistasdex.uchile.cl","Sin ISSN",11,0,0,-11,11,FALSE,"Latin America & Caribbean"
"Cuadernos de Psicología Integral de la Persona","revistas.uft.cl","2810-7020",5,0,10,-5,15,FALSE,"Latin America & Caribbean"
"Limes: Revista de Estudios Clásicos","revistas.umce.cl","0716-5919",25,0,16,-25,41,FALSE,"Latin America & Caribbean"
"Aporía · Revista Internacional de Investigaciones Filosóficas","revistadelaconstruccion.uc.cl","0718-9788 0719-9589",25,0,0,-25,129,FALSE,"Latin America & Caribbean"
"CUADERNOS DE ARTE","cuadernosdearte.uc.cl","0717-2672",74,0,0,-74,74,FALSE,"Latin America & Caribbean"
"Complejidades del Ágora Jurídica","revistas.uda.cl","2735-6507",2,0,0,-2,35,FALSE,"Latin America & Caribbean"
"Boletin Chileno de Herpetología","boletindeherpetologia.uchile.cl","0719-6172",8,0,0,-8,8,FALSE,"Latin America & Caribbean"
"REM. Revista Chilena de Educación Musical","revistas.umce.cl","2810-7543",0,0,15,0,15,FALSE,"Latin America & Caribbean"
"Advenimiento","advenimiento.unach.cl","0718-4050 2735-7333",0,0,0,0,75,FALSE,"Latin America & Caribbean"
"Contribuciones Científicas y Tecnológicas","revistas.usach.cl","0719-8388",5,0,0,-5,476,FALSE,"Latin America & Caribbean"
"Revista de Marina","tricahuescholar.com","0719-4129",0,0,60,0,60,FALSE,"Latin America & Caribbean"
"Revista TSup (Transformación Superior)","revistatsupmds.unab.cl","2810-7977",0,0,11,0,11,FALSE,"Latin America & Caribbean"
"JNRD - Journal of Natural Resources and Development","journals.ub.uni-koeln.de","0719-2452",0,0,1,0,97,FALSE,"Latin America & Caribbean"
"Espacio Transdisciplina","revistas.uach.cl","2810-6970",9,0,0,-9,23,FALSE,"Latin America & Caribbean"
"International Journal of Agriculture and Natural Resources","revistanortegrande.uc.cl","2452-5731",0,0,45,0,1285,FALSE,"Latin America & Caribbean"
"Revista Aportes: Evidencias y Recomendaciones para la Política Pública","revistasdex.uchile.cl","Sin ISSN",0,0,10,0,10,FALSE,"Latin America & Caribbean"
"Serie Selección de Textos","revistas.uv.cl","2810-7330",0,0,89,0,145,FALSE,"Latin America & Caribbean"
"Revista Teatral Chilena","revistasdex.uchile.cl","Sin ISSN",0,0,39,0,39,FALSE,"Latin America & Caribbean"
"Evidencia Educativa","revistaevidenciaeducativa.ulagos.cl","Sin ISSN",0,0,17,0,17,FALSE,"Latin America & Caribbean"
"Intervención","intervencion.lagrafica.cl","2452-4751",12,0,0,-12,144,FALSE,"Latin America & Caribbean"
"REVISTA VISIONES CIENTÍFICAS","lopez.webm.cl","0716-677X 2810-6687",0,0,6,0,6,FALSE,"Latin America & Caribbean"
